# This file uses centimeters as units for non-parametric coordinates.

g default
v -0.500000 -0.500000 0.500000
v 0.500000 -0.500000 0.500000
v -0.500000 0.500000 0.500000
v 0.500000 0.500000 0.500000
v -0.500000 0.500000 -0.500000
v 0.500000 0.500000 -0.500000
v -0.500000 -0.500000 -0.500000
v 0.500000 -0.500000 -0.500000
vt 0.330000 0.000000
vt 0.663333 0.000000
vt 0.330000 0.250000
vt 0.663333 0.250000
vt 0.330000 0.500000
vt 0.663333 0.500000
vt 0.330000 0.750000
vt 0.663333 0.750000
vt 0.330000 1.000000
vt 0.663333 1.000000
vt 1.000000 0.000000
vt 1.000000 0.250000
vt 0.000000 0.000000
vt 0.000000 0.250000
vn 0.000000 0.000000 1.000000
vn 0.000000 0.000000 1.000000
vn 0.000000 0.000000 1.000000
vn 0.000000 0.000000 1.000000
vn 0.000000 1.000000 0.000000
vn 0.000000 1.000000 0.000000
vn 0.000000 1.000000 0.000000
vn 0.000000 1.000000 0.000000
vn 0.000000 0.000000 -1.000000
vn 0.000000 0.000000 -1.000000
vn 0.000000 0.000000 -1.000000
vn 0.000000 0.000000 -1.000000
vn 0.000000 -1.000000 0.000000
vn 0.000000 -1.000000 0.000000
vn 0.000000 -1.000000 0.000000
vn 0.000000 -1.000000 0.000000
vn 1.000000 0.000000 0.000000
vn 1.000000 0.000000 0.000000
vn 1.000000 0.000000 0.000000
vn 1.000000 0.000000 0.000000
vn -1.000000 0.000000 0.000000
vn -1.000000 0.000000 0.000000
vn -1.000000 0.000000 0.000000
vn -1.000000 0.000000 0.000000
s off
g ref_cube
f 1/1/1 2/2/2 4/4/3 3/3/4
f 3/3/5 4/4/6 6/6/7 5/5/8
f 5/5/9 6/6/10 8/8/11 7/7/12
f 7/7/13 8/8/14 2/10/15 1/9/16
f 2/2/17 8/11/18 6/12/19 4/4/20
f 7/13/21 1/1/22 3/3/23 5/14/24
g default
v 2.176777 -0.461940 -0.073223
v 2.135299 -0.461940 -0.135299
v 2.073223 -0.461940 -0.176777
v 2.000000 -0.461940 -0.191342
v 1.926777 -0.461940 -0.176777
v 1.864701 -0.461940 -0.135299
v 1.823223 -0.461940 -0.073223
v 1.808658 -0.461940 -0.000000
v 1.823223 -0.461940 0.073223
v 1.864701 -0.461940 0.135299
v 1.926777 -0.461940 0.176777
v 2.000000 -0.461940 0.191342
v 2.073223 -0.461940 0.176777
v 2.135299 -0.461940 0.135299
v 2.176777 -0.461940 0.073223
v 2.191342 -0.461940 0.000000
v 2.326641 -0.353553 -0.135299
v 2.250000 -0.353553 -0.250000
v 2.135299 -0.353553 -0.326641
v 2.000000 -0.353553 -0.353553
v 1.864701 -0.353553 -0.326641
v 1.750000 -0.353553 -0.250000
v 1.673359 -0.353553 -0.135299
v 1.646447 -0.353553 -0.000000
v 1.673359 -0.353553 0.135299
v 1.750000 -0.353553 0.250000
v 1.864701 -0.353553 0.326641
v 2.000000 -0.353553 0.353553
v 2.135299 -0.353553 0.326641
v 2.250000 -0.353553 0.250000
v 2.326641 -0.353553 0.135299
v 2.353553 -0.353553 0.000000
v 2.426777 -0.191342 -0.176776
v 2.326641 -0.191342 -0.326641
v 2.176777 -0.191342 -0.426777
v 2.000000 -0.191342 -0.461940
v 1.823224 -0.191342 -0.426777
v 1.673359 -0.191342 -0.326641
v 1.573223 -0.191342 -0.176777
v 1.538060 -0.191342 -0.000000
v 1.573223 -0.191342 0.176777
v 1.673359 -0.191342 0.326641
v 1.823223 -0.191342 0.426777
v 2.000000 -0.191342 0.461940
v 2.176777 -0.191342 0.426777
v 2.326641 -0.191342 0.326641
v 2.426777 -0.191342 0.176777
v 2.461940 -0.191342 0.000000
v 2.461940 0.000000 -0.191341
v 2.353554 0.000000 -0.353553
v 2.191342 0.000000 -0.461940
v 2.000000 0.000000 -0.500000
v 1.808659 0.000000 -0.461940
v 1.646447 0.000000 -0.353554
v 1.538060 0.000000 -0.191342
v 1.500000 0.000000 -0.000000
v 1.538060 0.000000 0.191342
v 1.646447 0.000000 0.353553
v 1.808658 0.000000 0.461940
v 2.000000 0.000000 0.500000
v 2.191342 0.000000 0.461940
v 2.353553 0.000000 0.353553
v 2.461940 0.000000 0.191342
v 2.500000 0.000000 0.000000
v 2.426777 0.191342 -0.176776
v 2.326641 0.191342 -0.326641
v 2.176777 0.191342 -0.426777
v 2.000000 0.191342 -0.461940
v 1.823224 0.191342 -0.426777
v 1.673359 0.191342 -0.326641
v 1.573223 0.191342 -0.176777
v 1.538060 0.191342 -0.000000
v 1.573223 0.191342 0.176777
v 1.673359 0.191342 0.326641
v 1.823223 0.191342 0.426777
v 2.000000 0.191342 0.461940
v 2.176777 0.191342 0.426777
v 2.326641 0.191342 0.326641
v 2.426777 0.191342 0.176777
v 2.461940 0.191342 0.000000
v 2.326641 0.353553 -0.135299
v 2.250000 0.353553 -0.250000
v 2.135299 0.353553 -0.326641
v 2.000000 0.353553 -0.353553
v 1.864701 0.353553 -0.326641
v 1.750000 0.353553 -0.250000
v 1.673359 0.353553 -0.135299
v 1.646447 0.353553 -0.000000
v 1.673359 0.353553 0.135299
v 1.750000 0.353553 0.250000
v 1.864701 0.353553 0.326641
v 2.000000 0.353553 0.353553
v 2.135299 0.353553 0.326641
v 2.250000 0.353553 0.250000
v 2.326641 0.353553 0.135299
v 2.353553 0.353553 0.000000
v 2.176777 0.461940 -0.073223
v 2.135299 0.461940 -0.135299
v 2.073223 0.461940 -0.176777
v 2.000000 0.461940 -0.191342
v 1.926777 0.461940 -0.176777
v 1.864701 0.461940 -0.135299
v 1.823223 0.461940 -0.073223
v 1.808658 0.461940 -0.000000
v 1.823223 0.461940 0.073223
v 1.864701 0.461940 0.135299
v 1.926777 0.461940 0.176777
v 2.000000 0.461940 0.191342
v 2.073223 0.461940 0.176777
v 2.135299 0.461940 0.135299
v 2.176777 0.461940 0.073223
v 2.191342 0.461940 0.000000
v 2.000000 -0.500000 0.000000
v 2.000000 0.500000 0.000000
vt 0.000000 0.125000
vt 0.062500 0.125000
vt 0.125000 0.125000
vt 0.187500 0.125000
vt 0.250000 0.125000
vt 0.312500 0.125000
vt 0.375000 0.125000
vt 0.437500 0.125000
vt 0.500000 0.125000
vt 0.562500 0.125000
vt 0.625000 0.125000
vt 0.687500 0.125000
vt 0.750000 0.125000
vt 0.812500 0.125000
vt 0.875000 0.125000
vt 0.937500 0.125000
vt 1.000000 0.125000
vt 0.000000 0.250000
vt 0.062500 0.250000
vt 0.125000 0.250000
vt 0.187500 0.250000
vt 0.250000 0.250000
vt 0.312500 0.250000
vt 0.375000 0.250000
vt 0.437500 0.250000
vt 0.500000 0.250000
vt 0.562500 0.250000
vt 0.625000 0.250000
vt 0.687500 0.250000
vt 0.750000 0.250000
vt 0.812500 0.250000
vt 0.875000 0.250000
vt 0.937500 0.250000
vt 1.000000 0.250000
vt 0.000000 0.375000
vt 0.062500 0.375000
vt 0.125000 0.375000
vt 0.187500 0.375000
vt 0.250000 0.375000
vt 0.312500 0.375000
vt 0.375000 0.375000
vt 0.437500 0.375000
vt 0.500000 0.375000
vt 0.562500 0.375000
vt 0.625000 0.375000
vt 0.687500 0.375000
vt 0.750000 0.375000
vt 0.812500 0.375000
vt 0.875000 0.375000
vt 0.937500 0.375000
vt 1.000000 0.375000
vt 0.000000 0.500000
vt 0.062500 0.500000
vt 0.125000 0.500000
vt 0.187500 0.500000
vt 0.250000 0.500000
vt 0.312500 0.500000
vt 0.375000 0.500000
vt 0.437500 0.500000
vt 0.500000 0.500000
vt 0.562500 0.500000
vt 0.625000 0.500000
vt 0.687500 0.500000
vt 0.750000 0.500000
vt 0.812500 0.500000
vt 0.875000 0.500000
vt 0.937500 0.500000
vt 1.000000 0.500000
vt 0.000000 0.625000
vt 0.062500 0.625000
vt 0.125000 0.625000
vt 0.187500 0.625000
vt 0.250000 0.625000
vt 0.312500 0.625000
vt 0.375000 0.625000
vt 0.437500 0.625000
vt 0.500000 0.625000
vt 0.562500 0.625000
vt 0.625000 0.625000
vt 0.687500 0.625000
vt 0.750000 0.625000
vt 0.812500 0.625000
vt 0.875000 0.625000
vt 0.937500 0.625000
vt 1.000000 0.625000
vt 0.000000 0.750000
vt 0.062500 0.750000
vt 0.125000 0.750000
vt 0.187500 0.750000
vt 0.250000 0.750000
vt 0.312500 0.750000
vt 0.375000 0.750000
vt 0.437500 0.750000
vt 0.500000 0.750000
vt 0.562500 0.750000
vt 0.625000 0.750000
vt 0.687500 0.750000
vt 0.750000 0.750000
vt 0.812500 0.750000
vt 0.875000 0.750000
vt 0.937500 0.750000
vt 1.000000 0.750000
vt 0.000000 0.875000
vt 0.062500 0.875000
vt 0.125000 0.875000
vt 0.187500 0.875000
vt 0.250000 0.875000
vt 0.312500 0.875000
vt 0.375000 0.875000
vt 0.437500 0.875000
vt 0.500000 0.875000
vt 0.562500 0.875000
vt 0.625000 0.875000
vt 0.687500 0.875000
vt 0.750000 0.875000
vt 0.812500 0.875000
vt 0.875000 0.875000
vt 0.937500 0.875000
vt 1.000000 0.875000
vt 0.031250 0.000000
vt 0.093750 0.000000
vt 0.156250 0.000000
vt 0.218750 0.000000
vt 0.281250 0.000000
vt 0.343750 0.000000
vt 0.406250 0.000000
vt 0.468750 0.000000
vt 0.531250 0.000000
vt 0.593750 0.000000
vt 0.656250 0.000000
vt 0.718750 0.000000
vt 0.781250 0.000000
vt 0.843750 0.000000
vt 0.906250 0.000000
vt 0.968750 0.000000
vt 0.031250 1.000000
vt 0.093750 1.000000
vt 0.156250 1.000000
vt 0.218750 1.000000
vt 0.281250 1.000000
vt 0.343750 1.000000
vt 0.406250 1.000000
vt 0.468750 1.000000
vt 0.531250 1.000000
vt 0.593750 1.000000
vt 0.656250 1.000000
vt 0.718750 1.000000
vt 0.781250 1.000000
vt 0.843750 1.000000
vt 0.906250 1.000000
vt 0.968750 1.000000
vn 0.513280 -0.831470 -0.212607
vn 0.392848 -0.831470 -0.392847
vn 0.392848 -0.831470 -0.392847
vn 0.513280 -0.831470 -0.212607
vn 0.212608 -0.831470 -0.513280
vn 0.212608 -0.831470 -0.513280
vn 0.000000 -0.831470 -0.555570
vn 0.000000 -0.831470 -0.555570
vn -0.212607 -0.831470 -0.513280
vn -0.212607 -0.831470 -0.513280
vn -0.392847 -0.831470 -0.392848
vn -0.392847 -0.831470 -0.392848
vn -0.513280 -0.831470 -0.212608
vn -0.513280 -0.831470 -0.212608
vn -0.555570 -0.831470 -0.000000
vn -0.555570 -0.831470 -0.000000
vn -0.513280 -0.831470 0.212607
vn -0.513280 -0.831470 0.212607
vn -0.392848 -0.831470 0.392847
vn -0.392848 -0.831470 0.392847
vn -0.212608 -0.831470 0.513280
vn -0.212608 -0.831470 0.513280
vn -0.000000 -0.831470 0.555570
vn -0.000000 -0.831470 0.555570
vn 0.212608 -0.831470 0.513280
vn 0.212607 -0.831470 0.513280
vn 0.392847 -0.831470 0.392848
vn 0.392847 -0.831470 0.392848
vn 0.513280 -0.831470 0.212608
vn 0.513280 -0.831470 0.212608
vn 0.555570 -0.831470 0.000000
vn 0.555570 -0.831470 0.000000
vn 0.768178 -0.555570 -0.318190
vn 0.587938 -0.555570 -0.587938
vn 0.587938 -0.555570 -0.587938
vn 0.768178 -0.555570 -0.318189
vn 0.318190 -0.555570 -0.768178
vn 0.318190 -0.555570 -0.768178
vn 0.000000 -0.555570 -0.831470
vn 0.000000 -0.555570 -0.831470
vn -0.318189 -0.555570 -0.768178
vn -0.318189 -0.555570 -0.768178
vn -0.587938 -0.555570 -0.587938
vn -0.587938 -0.555570 -0.587938
vn -0.768178 -0.555570 -0.318190
vn -0.768178 -0.555570 -0.318190
vn -0.831470 -0.555570 -0.000000
vn -0.831470 -0.555570 -0.000000
vn -0.768178 -0.555570 0.318190
vn -0.768178 -0.555570 0.318189
vn -0.587938 -0.555570 0.587938
vn -0.587938 -0.555570 0.587938
vn -0.318190 -0.555570 0.768178
vn -0.318190 -0.555570 0.768178
vn -0.000000 -0.555570 0.831470
vn -0.000000 -0.555570 0.831470
vn 0.318190 -0.555570 0.768178
vn 0.318190 -0.555570 0.768178
vn 0.587938 -0.555570 0.587938
vn 0.587938 -0.555570 0.587938
vn 0.768178 -0.555570 0.318190
vn 0.768178 -0.555570 0.318190
vn 0.831470 -0.555570 0.000000
vn 0.831470 -0.555570 0.000000
vn 0.906128 -0.195091 -0.375330
vn 0.693520 -0.195090 -0.693520
vn 0.693520 -0.195090 -0.693520
vn 0.906128 -0.195091 -0.375330
vn 0.375331 -0.195090 -0.906127
vn 0.375331 -0.195090 -0.906127
vn 0.000000 -0.195090 -0.980785
vn 0.000000 -0.195090 -0.980785
vn -0.375330 -0.195090 -0.906128
vn -0.375330 -0.195090 -0.906128
vn -0.693520 -0.195090 -0.693520
vn -0.693520 -0.195090 -0.693520
vn -0.906127 -0.195091 -0.375331
vn -0.906127 -0.195091 -0.375331
vn -0.980785 -0.195091 -0.000000
vn -0.980785 -0.195091 -0.000000
vn -0.906128 -0.195090 0.375330
vn -0.906128 -0.195090 0.375330
vn -0.693520 -0.195090 0.693520
vn -0.693520 -0.195090 0.693520
vn -0.375331 -0.195090 0.906127
vn -0.375331 -0.195090 0.906127
vn -0.000000 -0.195090 0.980785
vn -0.000000 -0.195090 0.980785
vn 0.375330 -0.195090 0.906128
vn 0.375330 -0.195090 0.906128
vn 0.693520 -0.195090 0.693520
vn 0.693520 -0.195090 0.693520
vn 0.906127 -0.195090 0.375330
vn 0.906127 -0.195090 0.375330
vn 0.980785 -0.195090 0.000000
vn 0.980785 -0.195090 0.000000
vn 0.906128 0.195090 -0.375330
vn 0.693520 0.195090 -0.693520
vn 0.693520 0.195090 -0.693520
vn 0.906128 0.195090 -0.375330
vn 0.375331 0.195090 -0.906127
vn 0.375331 0.195090 -0.906127
vn 0.000000 0.195090 -0.980785
vn 0.000000 0.195090 -0.980785
vn -0.375330 0.195090 -0.906128
vn -0.375330 0.195090 -0.906128
vn -0.693520 0.195090 -0.693520
vn -0.693520 0.195090 -0.693520
vn -0.906127 0.195091 -0.375331
vn -0.906127 0.195091 -0.375331
vn -0.980785 0.195091 -0.000000
vn -0.980785 0.195091 -0.000000
vn -0.906128 0.195090 0.375330
vn -0.906128 0.195090 0.375330
vn -0.693520 0.195090 0.693520
vn -0.693520 0.195090 0.693520
vn -0.375331 0.195090 0.906127
vn -0.375331 0.195090 0.906127
vn -0.000000 0.195090 0.980785
vn -0.000000 0.195090 0.980785
vn 0.375330 0.195090 0.906128
vn 0.375330 0.195090 0.906128
vn 0.693520 0.195090 0.693520
vn 0.693520 0.195090 0.693520
vn 0.906127 0.195090 0.375330
vn 0.906127 0.195090 0.375330
vn 0.980785 0.195090 0.000000
vn 0.980785 0.195090 0.000000
vn 0.768178 0.555570 -0.318190
vn 0.587938 0.555570 -0.587938
vn 0.587938 0.555570 -0.587938
vn 0.768178 0.555570 -0.318190
vn 0.318190 0.555570 -0.768178
vn 0.318190 0.555570 -0.768178
vn 0.000000 0.555570 -0.831470
vn 0.000000 0.555570 -0.831470
vn -0.318189 0.555570 -0.768178
vn -0.318189 0.555570 -0.768178
vn -0.587937 0.555570 -0.587938
vn -0.587938 0.555570 -0.587938
vn -0.768178 0.555570 -0.318190
vn -0.768178 0.555570 -0.318190
vn -0.831470 0.555570 -0.000000
vn -0.831470 0.555570 -0.000000
vn -0.768178 0.555570 0.318189
vn -0.768178 0.555570 0.318189
vn -0.587938 0.555570 0.587938
vn -0.587938 0.555570 0.587938
vn -0.318190 0.555570 0.768178
vn -0.318190 0.555570 0.768178
vn -0.000000 0.555570 0.831470
vn -0.000000 0.555570 0.831470
vn 0.318190 0.555570 0.768178
vn 0.318190 0.555570 0.768178
vn 0.587938 0.555570 0.587938
vn 0.587938 0.555570 0.587938
vn 0.768178 0.555570 0.318190
vn 0.768178 0.555570 0.318190
vn 0.831470 0.555570 0.000000
vn 0.831470 0.555570 0.000000
vn 0.513280 0.831470 -0.212607
vn 0.392848 0.831470 -0.392847
vn 0.392848 0.831470 -0.392847
vn 0.513280 0.831470 -0.212607
vn 0.212608 0.831470 -0.513280
vn 0.212608 0.831470 -0.513280
vn 0.000000 0.831470 -0.555570
vn 0.000000 0.831470 -0.555570
vn -0.212607 0.831470 -0.513280
vn -0.212607 0.831470 -0.513280
vn -0.392847 0.831470 -0.392848
vn -0.392847 0.831470 -0.392848
vn -0.513280 0.831470 -0.212608
vn -0.513280 0.831470 -0.212608
vn -0.555570 0.831470 -0.000000
vn -0.555570 0.831470 -0.000000
vn -0.513280 0.831470 0.212607
vn -0.513280 0.831470 0.212607
vn -0.392848 0.831470 0.392847
vn -0.392848 0.831470 0.392847
vn -0.212608 0.831470 0.513280
vn -0.212608 0.831470 0.513280
vn -0.000000 0.831470 0.555570
vn -0.000000 0.831470 0.555570
vn 0.212608 0.831470 0.513280
vn 0.212608 0.831470 0.513280
vn 0.392848 0.831470 0.392848
vn 0.392847 0.831470 0.392848
vn 0.513280 0.831470 0.212608
vn 0.513280 0.831470 0.212608
vn 0.555570 0.831470 0.000000
vn 0.555570 0.831470 0.000000
vn 0.137950 -0.980785 -0.137949
vn 0.180240 -0.980785 -0.074658
vn -0.000000 -1.000000 0.000000
vn 0.074658 -0.980785 -0.180240
vn 0.000000 -0.980785 -0.195091
vn -0.074658 -0.980785 -0.180240
vn -0.137950 -0.980785 -0.137950
vn -0.180240 -0.980785 -0.074658
vn -0.195090 -0.980785 0.000001
vn -0.180240 -0.980785 0.074658
vn -0.137950 -0.980785 0.137950
vn -0.074658 -0.980785 0.180240
vn -0.000000 -0.980785 0.195090
vn 0.074658 -0.980785 0.180240
vn 0.137950 -0.980785 0.137950
vn 0.180240 -0.980785 0.074658
vn 0.195090 -0.980785 -0.000000
vn 0.180240 0.980785 -0.074658
vn 0.137950 0.980785 -0.137950
vn -0.000000 1.000000 0.000000
vn 0.074658 0.980785 -0.180240
vn 0.000000 0.980785 -0.195090
vn -0.074658 0.980785 -0.180240
vn -0.137950 0.980785 -0.137950
vn -0.180240 0.980785 -0.074658
vn -0.195090 0.980785 0.000001
vn -0.180240 0.980785 0.074658
vn -0.137950 0.980785 0.137950
vn -0.074658 0.980785 0.180240
vn -0.000000 0.980785 0.195090
vn 0.074658 0.980785 0.180240
vn 0.137950 0.980785 0.137950
vn 0.180240 0.980785 0.074658
vn 0.195090 0.980785 -0.000000
s 1
g ref_sphere
f 9/15/25 10/16/26 26/33/27 25/32/28
f 10/16/26 11/17/29 27/34/30 26/33/27
f 11/17/29 12/18/31 28/35/32 27/34/30
f 12/18/31 13/19/33 29/36/34 28/35/32
f 13/19/33 14/20/35 30/37/36 29/36/34
f 14/20/35 15/21/37 31/38/38 30/37/36
f 15/21/37 16/22/39 32/39/40 31/38/38
f 16/22/39 17/23/41 33/40/42 32/39/40
f 17/23/41 18/24/43 34/41/44 33/40/42
f 18/24/43 19/25/45 35/42/46 34/41/44
f 19/25/45 20/26/47 36/43/48 35/42/46
f 20/26/47 21/27/49 37/44/50 36/43/48
f 21/27/49 22/28/51 38/45/52 37/44/50
f 22/28/51 23/29/53 39/46/54 38/45/52
f 23/29/53 24/30/55 40/47/56 39/46/54
f 24/30/55 9/31/25 25/48/28 40/47/56
s 2
f 25/32/57 26/33/58 42/50/59 41/49/60
f 26/33/58 27/34/61 43/51/62 42/50/59
f 27/34/61 28/35/63 44/52/64 43/51/62
f 28/35/63 29/36/65 45/53/66 44/52/64
f 29/36/65 30/37/67 46/54/68 45/53/66
f 30/37/67 31/38/69 47/55/70 46/54/68
f 31/38/69 32/39/71 48/56/72 47/55/70
f 32/39/71 33/40/73 49/57/74 48/56/72
f 33/40/73 34/41/75 50/58/76 49/57/74
f 34/41/75 35/42/77 51/59/78 50/58/76
f 35/42/77 36/43/79 52/60/80 51/59/78
f 36/43/79 37/44/81 53/61/82 52/60/80
f 37/44/81 38/45/83 54/62/84 53/61/82
f 38/45/83 39/46/85 55/63/86 54/62/84
f 39/46/85 40/47/87 56/64/88 55/63/86
f 40/47/87 25/48/57 41/65/60 56/64/88
s 3
f 41/49/89 42/50/90 58/67/91 57/66/92
f 42/50/90 43/51/93 59/68/94 58/67/91
f 43/51/93 44/52/95 60/69/96 59/68/94
f 44/52/95 45/53/97 61/70/98 60/69/96
f 45/53/97 46/54/99 62/71/100 61/70/98
f 46/54/99 47/55/101 63/72/102 62/71/100
f 47/55/101 48/56/103 64/73/104 63/72/102
f 48/56/103 49/57/105 65/74/106 64/73/104
f 49/57/105 50/58/107 66/75/108 65/74/106
f 50/58/107 51/59/109 67/76/110 66/75/108
f 51/59/109 52/60/111 68/77/112 67/76/110
f 52/60/111 53/61/113 69/78/114 68/77/112
f 53/61/113 54/62/115 70/79/116 69/78/114
f 54/62/115 55/63/117 71/80/118 70/79/116
f 55/63/117 56/64/119 72/81/120 71/80/118
f 56/64/119 41/65/89 57/82/92 72/81/120
s 4
f 57/66/121 58/67/122 74/84/123 73/83/124
f 58/67/122 59/68/125 75/85/126 74/84/123
f 59/68/125 60/69/127 76/86/128 75/85/126
f 60/69/127 61/70/129 77/87/130 76/86/128
f 61/70/129 62/71/131 78/88/132 77/87/130
f 62/71/131 63/72/133 79/89/134 78/88/132
f 63/72/133 64/73/135 80/90/136 79/89/134
f 64/73/135 65/74/137 81/91/138 80/90/136
f 65/74/137 66/75/139 82/92/140 81/91/138
f 66/75/139 67/76/141 83/93/142 82/92/140
f 67/76/141 68/77/143 84/94/144 83/93/142
f 68/77/143 69/78/145 85/95/146 84/94/144
f 69/78/145 70/79/147 86/96/148 85/95/146
f 70/79/147 71/80/149 87/97/150 86/96/148
f 71/80/149 72/81/151 88/98/152 87/97/150
f 72/81/151 57/82/121 73/99/124 88/98/152
s 5
f 73/83/153 74/84/154 90/101/155 89/100/156
f 74/84/154 75/85/157 91/102/158 90/101/155
f 75/85/157 76/86/159 92/103/160 91/102/158
f 76/86/159 77/87/161 93/104/162 92/103/160
f 77/87/161 78/88/163 94/105/164 93/104/162
f 78/88/163 79/89/165 95/106/166 94/105/164
f 79/89/165 80/90/167 96/107/168 95/106/166
f 80/90/167 81/91/169 97/108/170 96/107/168
f 81/91/169 82/92/171 98/109/172 97/108/170
f 82/92/171 83/93/173 99/110/174 98/109/172
f 83/93/173 84/94/175 100/111/176 99/110/174
f 84/94/175 85/95/177 101/112/178 100/111/176
f 85/95/177 86/96/179 102/113/180 101/112/178
f 86/96/179 87/97/181 103/114/182 102/113/180
f 87/97/181 88/98/183 104/115/184 103/114/182
f 88/98/183 73/99/153 89/116/156 104/115/184
s 6
f 89/100/185 90/101/186 106/118/187 105/117/188
f 90/101/186 91/102/189 107/119/190 106/118/187
f 91/102/189 92/103/191 108/120/192 107/119/190
f 92/103/191 93/104/193 109/121/194 108/120/192
f 93/104/193 94/105/195 110/122/196 109/121/194
f 94/105/195 95/106/197 111/123/198 110/122/196
f 95/106/197 96/107/199 112/124/200 111/123/198
f 96/107/199 97/108/201 113/125/202 112/124/200
f 97/108/201 98/109/203 114/126/204 113/125/202
f 98/109/203 99/110/205 115/127/206 114/126/204
f 99/110/205 100/111/207 116/128/208 115/127/206
f 100/111/207 101/112/209 117/129/210 116/128/208
f 101/112/209 102/113/211 118/130/212 117/129/210
f 102/113/211 103/114/213 119/131/214 118/130/212
f 103/114/213 104/115/215 120/132/216 119/131/214
f 104/115/215 89/116/185 105/133/188 120/132/216
s 7
f 10/16/217 9/15/218 121/134/219
f 11/17/220 10/16/217 121/135/219
f 12/18/221 11/17/220 121/136/219
f 13/19/222 12/18/221 121/137/219
f 14/20/223 13/19/222 121/138/219
f 15/21/224 14/20/223 121/139/219
f 16/22/225 15/21/224 121/140/219
f 17/23/226 16/22/225 121/141/219
f 18/24/227 17/23/226 121/142/219
f 19/25/228 18/24/227 121/143/219
f 20/26/229 19/25/228 121/144/219
f 21/27/230 20/26/229 121/145/219
f 22/28/231 21/27/230 121/146/219
f 23/29/232 22/28/231 121/147/219
f 24/30/233 23/29/232 121/148/219
f 9/31/218 24/30/233 121/149/219
s 8
f 105/117/234 106/118/235 122/150/236
f 106/118/235 107/119/237 122/151/236
f 107/119/237 108/120/238 122/152/236
f 108/120/238 109/121/239 122/153/236
f 109/121/239 110/122/240 122/154/236
f 110/122/240 111/123/241 122/155/236
f 111/123/241 112/124/242 122/156/236
f 112/124/242 113/125/243 122/157/236
f 113/125/243 114/126/244 122/158/236
f 114/126/244 115/127/245 122/159/236
f 115/127/245 116/128/246 122/160/236
f 116/128/246 117/129/247 122/161/236
f 117/129/247 118/130/248 122/162/236
f 118/130/248 119/131/249 122/163/236
f 119/131/249 120/132/250 122/164/236
f 120/132/250 105/133/234 122/165/236
g default
v 4.461940 -0.500000 -0.191341
v 4.353554 -0.500000 -0.353553
v 4.191342 -0.500000 -0.461940
v 4.000000 -0.500000 -0.500000
v 3.808659 -0.500000 -0.461940
v 3.646447 -0.500000 -0.353554
v 3.538060 -0.500000 -0.191342
v 3.500000 -0.500000 -0.000000
v 3.538060 -0.500000 0.191342
v 3.646447 -0.500000 0.353553
v 3.808658 -0.500000 0.461940
v 4.000000 -0.500000 0.500000
v 4.191342 -0.500000 0.461940
v 4.353553 -0.500000 0.353553
v 4.461940 -0.500000 0.191342
v 4.500000 -0.500000 0.000000
v 4.461940 0.500000 -0.191341
v 4.353554 0.500000 -0.353553
v 4.191342 0.500000 -0.461940
v 4.000000 0.500000 -0.500000
v 3.808659 0.500000 -0.461940
v 3.646447 0.500000 -0.353554
v 3.538060 0.500000 -0.191342
v 3.500000 0.500000 -0.000000
v 3.538060 0.500000 0.191342
v 3.646447 0.500000 0.353553
v 3.808658 0.500000 0.461940
v 4.000000 0.500000 0.500000
v 4.191342 0.500000 0.461940
v 4.353553 0.500000 0.353553
v 4.461940 0.500000 0.191342
v 4.500000 0.500000 0.000000
v 4.000000 -0.500000 0.000000
v 4.000000 0.500000 0.000000
vt 0.963820 0.077165
vt 0.855433 0.036612
vt 0.693222 0.009515
vt 0.501880 0.000000
vt 0.310538 0.009515
vt 0.148326 0.036612
vt 0.039940 0.077165
vt 0.001880 0.125000
vt 0.039940 0.172835
vt 0.148326 0.213388
vt 0.310538 0.240485
vt 0.501880 0.250000
vt 0.693221 0.240485
vt 0.855433 0.213388
vt 0.963820 0.172835
vt 1.001880 0.125000
vt 0.000000 0.250000
vt 0.062500 0.250000
vt 0.125000 0.250000
vt 0.187500 0.250000
vt 0.250000 0.250000
vt 0.312500 0.250000
vt 0.375000 0.250000
vt 0.437500 0.250000
vt 0.500000 0.250000
vt 0.562500 0.250000
vt 0.625000 0.250000
vt 0.687500 0.250000
vt 0.750000 0.250000
vt 0.812500 0.250000
vt 0.875000 0.250000
vt 0.937500 0.250000
vt 1.000000 0.250000
vt 0.000000 0.750000
vt 0.062500 0.750000
vt 0.125000 0.750000
vt 0.187500 0.750000
vt 0.250000 0.750000
vt 0.312500 0.750000
vt 0.375000 0.750000
vt 0.437500 0.750000
vt 0.500000 0.750000
vt 0.562500 0.750000
vt 0.625000 0.750000
vt 0.687500 0.750000
vt 0.750000 0.750000
vt 0.812500 0.750000
vt 0.875000 0.750000
vt 0.937500 0.750000
vt 1.000000 0.750000
vt 0.963820 0.827165
vt 0.855433 0.786612
vt 0.693222 0.759515
vt 0.501880 0.750000
vt 0.310538 0.759515
vt 0.148326 0.786612
vt 0.039940 0.827165
vt 0.001880 0.875000
vt 0.039940 0.922835
vt 0.148326 0.963388
vt 0.310538 0.990485
vt 0.501880 1.000000
vt 0.693221 0.990485
vt 0.855433 0.963388
vt 0.963820 0.922835
vt 1.001880 0.875000
vt 0.501880 0.125000
vt 0.501880 0.875000
vn 0.923880 0.000000 -0.382683
vn 0.707107 0.000000 -0.707107
vn 0.707107 0.000000 -0.707107
vn 0.923880 0.000000 -0.382683
vn 0.382684 0.000000 -0.923879
vn 0.382684 0.000000 -0.923879
vn 0.000001 0.000000 -1.000000
vn 0.000001 0.000000 -1.000000
vn -0.382683 0.000000 -0.923880
vn -0.382683 0.000000 -0.923880
vn -0.707106 0.000000 -0.707107
vn -0.707106 0.000000 -0.707107
vn -0.923879 0.000000 -0.382684
vn -0.923879 0.000000 -0.382684
vn -1.000000 0.000000 -0.000000
vn -1.000000 0.000000 -0.000000
vn -0.923880 0.000000 0.382683
vn -0.923880 0.000000 0.382683
vn -0.707107 0.000000 0.707107
vn -0.707107 0.000000 0.707107
vn -0.382684 0.000000 0.923879
vn -0.382684 0.000000 0.923879
vn -0.000000 0.000000 1.000000
vn -0.000000 0.000000 1.000000
vn 0.382683 0.000000 0.923880
vn 0.382683 0.000000 0.923880
vn 0.707107 0.000000 0.707107
vn 0.707107 0.000000 0.707107
vn 0.923880 0.000000 0.382684
vn 0.923880 0.000000 0.382684
vn 1.000000 0.000000 0.000000
vn 1.000000 0.000000 0.000000
vn 0.000000 -1.000000 0.000000
vn 0.000000 -1.000000 0.000000
vn 0.000000 -1.000000 0.000000
vn 0.000000 -1.000000 0.000000
vn 0.000000 -1.000000 0.000000
vn 0.000000 -1.000000 0.000000
vn 0.000000 -1.000000 0.000000
vn 0.000000 -1.000000 0.000000
vn 0.000000 -1.000000 0.000000
vn 0.000000 -1.000000 0.000000
vn 0.000000 -1.000000 0.000000
vn 0.000000 -1.000000 0.000000
vn 0.000000 -1.000000 0.000000
vn 0.000000 -1.000000 0.000000
vn 0.000000 -1.000000 0.000000
vn 0.000000 -1.000000 0.000000
vn 0.000000 -1.000000 0.000000
vn 0.000000 1.000000 0.000000
vn 0.000000 1.000000 0.000000
vn 0.000000 1.000000 0.000000
vn 0.000000 1.000000 0.000000
vn 0.000000 1.000000 0.000000
vn 0.000000 1.000000 0.000000
vn 0.000000 1.000000 0.000000
vn 0.000000 1.000000 0.000000
vn 0.000000 1.000000 0.000000
vn 0.000000 1.000000 0.000000
vn 0.000000 1.000000 0.000000
vn 0.000000 1.000000 0.000000
vn 0.000000 1.000000 0.000000
vn 0.000000 1.000000 0.000000
vn 0.000000 1.000000 0.000000
vn 0.000000 1.000000 0.000000
vn 0.000000 1.000000 0.000000
s 1
g ref_cylinder
f 123/182/251 124/183/252 140/200/253 139/199/254
f 124/183/252 125/184/255 141/201/256 140/200/253
f 125/184/255 126/185/257 142/202/258 141/201/256
f 126/185/257 127/186/259 143/203/260 142/202/258
f 127/186/259 128/187/261 144/204/262 143/203/260
f 128/187/261 129/188/263 145/205/264 144/204/262
f 129/188/263 130/189/265 146/206/266 145/205/264
f 130/189/265 131/190/267 147/207/268 146/206/266
f 131/190/267 132/191/269 148/208/270 147/207/268
f 132/191/269 133/192/271 149/209/272 148/208/270
f 133/192/271 134/193/273 150/210/274 149/209/272
f 134/193/273 135/194/275 151/211/276 150/210/274
f 135/194/275 136/195/277 152/212/278 151/211/276
f 136/195/277 137/196/279 153/213/280 152/212/278
f 137/196/279 138/197/281 154/214/282 153/213/280
f 138/197/281 123/198/251 139/215/254 154/214/282
s 2
f 124/167/283 123/166/284 155/232/285
f 125/168/286 124/167/283 155/232/285
f 126/169/287 125/168/286 155/232/285
f 127/170/288 126/169/287 155/232/285
f 128/171/289 127/170/288 155/232/285
f 129/172/290 128/171/289 155/232/285
f 130/173/291 129/172/290 155/232/285
f 131/174/292 130/173/291 155/232/285
f 132/175/293 131/174/292 155/232/285
f 133/176/294 132/175/293 155/232/285
f 134/177/295 133/176/294 155/232/285
f 135/178/296 134/177/295 155/232/285
f 136/179/297 135/178/296 155/232/285
f 137/180/298 136/179/297 155/232/285
f 138/181/299 137/180/298 155/232/285
f 123/166/284 138/181/299 155/232/285
s 3
f 139/230/300 140/229/301 156/233/302
f 140/229/301 141/228/303 156/233/302
f 141/228/303 142/227/304 156/233/302
f 142/227/304 143/226/305 156/233/302
f 143/226/305 144/225/306 156/233/302
f 144/225/306 145/224/307 156/233/302
f 145/224/307 146/223/308 156/233/302
f 146/223/308 147/222/309 156/233/302
f 147/222/309 148/221/310 156/233/302
f 148/221/310 149/220/311 156/233/302
f 149/220/311 150/219/312 156/233/302
f 150/219/312 151/218/313 156/233/302
f 151/218/313 152/217/314 156/233/302
f 152/217/314 153/216/315 156/233/302
f 153/216/315 154/231/316 156/233/302
f 154/231/316 139/230/300 156/233/302
g default
v 6.461940 -0.500000 -0.191341
v 6.353554 -0.500000 -0.353553
v 6.191342 -0.500000 -0.461940
v 6.000000 -0.500000 -0.500000
v 5.808659 -0.500000 -0.461940
v 5.646447 -0.500000 -0.353554
v 5.538060 -0.500000 -0.191342
v 5.500000 -0.500000 -0.000000
v 5.538060 -0.500000 0.191342
v 5.646447 -0.500000 0.353553
v 5.808658 -0.500000 0.461940
v 6.000000 -0.500000 0.500000
v 6.191342 -0.500000 0.461940
v 6.353553 -0.500000 0.353553
v 6.461940 -0.500000 0.191342
v 6.500000 -0.500000 0.000000
v 6.000000 0.500000 0.000000
vt 0.963820 0.154329
vt 0.855433 0.073223
vt 0.693222 0.019030
vt 0.501880 0.000000
vt 0.310538 0.019030
vt 0.148326 0.073223
vt 0.039940 0.154329
vt 0.001880 0.250000
vt 0.039940 0.345671
vt 0.148326 0.426777
vt 0.310538 0.480970
vt 0.501880 0.500000
vt 0.693221 0.480970
vt 0.855433 0.426777
vt 0.963820 0.345671
vt 1.001880 0.250000
vt 0.000000 0.500000
vt 0.062500 0.500000
vt 0.125000 0.500000
vt 0.187500 0.500000
vt 0.250000 0.500000
vt 0.312500 0.500000
vt 0.375000 0.500000
vt 0.437500 0.500000
vt 0.500000 0.500000
vt 0.562500 0.500000
vt 0.625000 0.500000
vt 0.687500 0.500000
vt 0.750000 0.500000
vt 0.812500 0.500000
vt 0.875000 0.500000
vt 0.937500 0.500000
vt 1.000000 0.500000
vt 0.500000 1.000000
vn 0.000000 -1.000000 0.000000
vn 0.000000 -1.000000 0.000000
vn 0.000000 -1.000000 0.000000
vn 0.000000 -1.000000 0.000000
vn 0.000000 -1.000000 0.000000
vn 0.000000 -1.000000 0.000000
vn 0.000000 -1.000000 0.000000
vn 0.000000 -1.000000 0.000000
vn 0.000000 -1.000000 0.000000
vn 0.000000 -1.000000 0.000000
vn 0.000000 -1.000000 0.000000
vn 0.000000 -1.000000 0.000000
vn 0.000000 -1.000000 0.000000
vn 0.000000 -1.000000 0.000000
vn 0.000000 -1.000000 0.000000
vn 0.000000 -1.000000 0.000000
vn 0.826343 0.447214 -0.342282
vn 0.632456 0.447214 -0.632455
vn 0.000000 1.000000 -0.000001
vn 0.342283 0.447214 -0.826343
vn 0.000000 0.447214 -0.894427
vn -0.342282 0.447214 -0.826343
vn -0.632455 0.447214 -0.632456
vn -0.826343 0.447214 -0.342283
vn -0.894427 0.447214 -0.000000
vn -0.826343 0.447214 0.342282
vn -0.632456 0.447214 0.632455
vn -0.342283 0.447214 0.826343
vn -0.000000 0.447214 0.894427
vn 0.342282 0.447214 0.826343
vn 0.632455 0.447214 0.632456
vn 0.826343 0.447214 0.342283
vn 0.894427 0.447214 0.000000
s off
g ref_cone
f 157/234/317 172/249/318 171/248/319 170/247/320 169/246/321 168/245/322 167/244/323 166/243/324 165/242/325 164/241/326 163/240/327 162/239/328 161/238/329 160/237/330 159/236/331 158/235/332
s 1
f 157/250/333 158/251/334 173/267/335
f 158/251/334 159/252/336 173/267/335
f 159/252/336 160/253/337 173/267/335
f 160/253/337 161/254/338 173/267/335
f 161/254/338 162/255/339 173/267/335
f 162/255/339 163/256/340 173/267/335
f 163/256/340 164/257/341 173/267/335
f 164/257/341 165/258/342 173/267/335
f 165/258/342 166/259/343 173/267/335
f 166/259/343 167/260/344 173/267/335
f 167/260/344 168/261/345 173/267/335
f 168/261/345 169/262/346 173/267/335
f 169/262/346 170/263/347 173/267/335
f 170/263/347 171/264/348 173/267/335
f 171/264/348 172/265/349 173/267/335
f 172/265/349 157/266/333 173/267/335
g default
v 0.212492 0.000000 1.911983
v 0.162635 0.000000 1.837366
v 0.088017 0.000000 1.787508
v 0.000000 0.000000 1.770000
v -0.088017 0.000000 1.787508
v -0.162634 0.000000 1.837365
v -0.212492 0.000000 1.911983
v -0.230000 0.000000 2.000000
v -0.212492 0.000000 2.088017
v -0.162635 0.000000 2.162635
v -0.088017 0.000000 2.212492
v -0.000000 0.000000 2.230000
v 0.088017 0.000000 2.212492
v 0.162635 0.000000 2.162635
v 0.212492 0.000000 2.088017
v 0.230000 0.000000 2.000000
v 0.244964 0.084853 1.898533
v 0.187487 0.084853 1.812513
v 0.101468 0.084853 1.755036
v 0.000000 0.084853 1.734853
v -0.101467 0.084853 1.755036
v -0.187487 0.084853 1.812513
v -0.244964 0.084853 1.898532
v -0.265147 0.084853 2.000000
v -0.244964 0.084853 2.101467
v -0.187487 0.084853 2.187487
v -0.101467 0.084853 2.244964
v -0.000000 0.084853 2.265147
v 0.101467 0.084853 2.244964
v 0.187487 0.084853 2.187487
v 0.244964 0.084853 2.101467
v 0.265147 0.084853 2.000000
v 0.323358 0.120000 1.866061
v 0.247487 0.120000 1.752513
v 0.133939 0.120000 1.676642
v 0.000000 0.120000 1.650000
v -0.133939 0.120000 1.676642
v -0.247487 0.120000 1.752513
v -0.323358 0.120000 1.866061
v -0.350000 0.120000 2.000000
v -0.323358 0.120000 2.133939
v -0.247487 0.120000 2.247487
v -0.133939 0.120000 2.323358
v -0.000000 0.120000 2.350000
v 0.133939 0.120000 2.323358
v 0.247487 0.120000 2.247487
v 0.323358 0.120000 2.133939
v 0.350000 0.120000 2.000000
v 0.401752 0.084853 1.833589
v 0.307487 0.084853 1.692513
v 0.166411 0.084853 1.598249
v 0.000000 0.084853 1.565147
v -0.166411 0.084853 1.598248
v -0.307487 0.084853 1.692513
v -0.401752 0.084853 1.833589
v -0.434853 0.084853 2.000000
v -0.401752 0.084853 2.166411
v -0.307487 0.084853 2.307487
v -0.166411 0.084853 2.401752
v -0.000000 0.084853 2.434853
v 0.166411 0.084853 2.401752
v 0.307487 0.084853 2.307487
v 0.401752 0.084853 2.166411
v 0.434853 0.084853 2.000000
v 0.434223 0.000000 1.820139
v 0.332340 0.000000 1.667660
v 0.179861 0.000000 1.565777
v 0.000000 0.000000 1.530000
v -0.179861 0.000000 1.565777
v -0.332340 0.000000 1.667660
v -0.434223 0.000000 1.820139
v -0.470000 0.000000 2.000000
v -0.434223 0.000000 2.179861
v -0.332340 0.000000 2.332340
v -0.179861 0.000000 2.434223
v -0.000000 0.000000 2.470000
v 0.179861 0.000000 2.434223
v 0.332340 0.000000 2.332340
v 0.434223 0.000000 2.179861
v 0.470000 0.000000 2.000000
v 0.401752 -0.084853 1.833589
v 0.307487 -0.084853 1.692513
v 0.166411 -0.084853 1.598249
v 0.000000 -0.084853 1.565147
v -0.166411 -0.084853 1.598248
v -0.307487 -0.084853 1.692513
v -0.401752 -0.084853 1.833589
v -0.434853 -0.084853 2.000000
v -0.401752 -0.084853 2.166411
v -0.307487 -0.084853 2.307487
v -0.166411 -0.084853 2.401752
v -0.000000 -0.084853 2.434853
v 0.166411 -0.084853 2.401752
v 0.307487 -0.084853 2.307487
v 0.401752 -0.084853 2.166411
v 0.434853 -0.084853 2.000000
v 0.323358 -0.120000 1.866061
v 0.247487 -0.120000 1.752513
v 0.133939 -0.120000 1.676642
v 0.000000 -0.120000 1.650000
v -0.133939 -0.120000 1.676642
v -0.247487 -0.120000 1.752513
v -0.323358 -0.120000 1.866061
v -0.350000 -0.120000 2.000000
v -0.323358 -0.120000 2.133939
v -0.247487 -0.120000 2.247487
v -0.133939 -0.120000 2.323358
v -0.000000 -0.120000 2.350000
v 0.133939 -0.120000 2.323358
v 0.247487 -0.120000 2.247487
v 0.323358 -0.120000 2.133939
v 0.350000 -0.120000 2.000000
v 0.244964 -0.084853 1.898533
v 0.187487 -0.084853 1.812513
v 0.101468 -0.084853 1.755036
v 0.000000 -0.084853 1.734853
v -0.101467 -0.084853 1.755036
v -0.187487 -0.084853 1.812513
v -0.244964 -0.084853 1.898532
v -0.265147 -0.084853 2.000000
v -0.244964 -0.084853 2.101467
v -0.187487 -0.084853 2.187487
v -0.101467 -0.084853 2.244964
v -0.000000 -0.084853 2.265147
v 0.101467 -0.084853 2.244964
v 0.187487 -0.084853 2.187487
v 0.244964 -0.084853 2.101467
v 0.265147 -0.084853 2.000000
vt 0.000000 1.000000
vt 0.062500 1.000000
vt 0.125000 1.000000
vt 0.187500 1.000000
vt 0.250000 1.000000
vt 0.312500 1.000000
vt 0.375000 1.000000
vt 0.437500 1.000000
vt 0.500000 1.000000
vt 0.562500 1.000000
vt 0.625000 1.000000
vt 0.687500 1.000000
vt 0.750000 1.000000
vt 0.812500 1.000000
vt 0.875000 1.000000
vt 0.937500 1.000000
vt 1.000000 1.000000
vt 0.000000 0.875000
vt 0.062500 0.875000
vt 0.125000 0.875000
vt 0.187500 0.875000
vt 0.250000 0.875000
vt 0.312500 0.875000
vt 0.375000 0.875000
vt 0.437500 0.875000
vt 0.500000 0.875000
vt 0.562500 0.875000
vt 0.625000 0.875000
vt 0.687500 0.875000
vt 0.750000 0.875000
vt 0.812500 0.875000
vt 0.875000 0.875000
vt 0.937500 0.875000
vt 1.000000 0.875000
vt 0.000000 0.750000
vt 0.062500 0.750000
vt 0.125000 0.750000
vt 0.187500 0.750000
vt 0.250000 0.750000
vt 0.312500 0.750000
vt 0.375000 0.750000
vt 0.437500 0.750000
vt 0.500000 0.750000
vt 0.562500 0.750000
vt 0.625000 0.750000
vt 0.687500 0.750000
vt 0.750000 0.750000
vt 0.812500 0.750000
vt 0.875000 0.750000
vt 0.937500 0.750000
vt 1.000000 0.750000
vt 0.000000 0.625000
vt 0.062500 0.625000
vt 0.125000 0.625000
vt 0.187500 0.625000
vt 0.250000 0.625000
vt 0.312500 0.625000
vt 0.375000 0.625000
vt 0.437500 0.625000
vt 0.500000 0.625000
vt 0.562500 0.625000
vt 0.625000 0.625000
vt 0.687500 0.625000
vt 0.750000 0.625000
vt 0.812500 0.625000
vt 0.875000 0.625000
vt 0.937500 0.625000
vt 1.000000 0.625000
vt 0.000000 0.500000
vt 0.062500 0.500000
vt 0.125000 0.500000
vt 0.187500 0.500000
vt 0.250000 0.500000
vt 0.312500 0.500000
vt 0.375000 0.500000
vt 0.437500 0.500000
vt 0.500000 0.500000
vt 0.562500 0.500000
vt 0.625000 0.500000
vt 0.687500 0.500000
vt 0.750000 0.500000
vt 0.812500 0.500000
vt 0.875000 0.500000
vt 0.937500 0.500000
vt 1.000000 0.500000
vt 0.000000 0.375000
vt 0.062500 0.375000
vt 0.125000 0.375000
vt 0.187500 0.375000
vt 0.250000 0.375000
vt 0.312500 0.375000
vt 0.375000 0.375000
vt 0.437500 0.375000
vt 0.500000 0.375000
vt 0.562500 0.375000
vt 0.625000 0.375000
vt 0.687500 0.375000
vt 0.750000 0.375000
vt 0.812500 0.375000
vt 0.875000 0.375000
vt 0.937500 0.375000
vt 1.000000 0.375000
vt 0.000000 0.250000
vt 0.062500 0.250000
vt 0.125000 0.250000
vt 0.187500 0.250000
vt 0.250000 0.250000
vt 0.312500 0.250000
vt 0.375000 0.250000
vt 0.437500 0.250000
vt 0.500000 0.250000
vt 0.562500 0.250000
vt 0.625000 0.250000
vt 0.687500 0.250000
vt 0.750000 0.250000
vt 0.812500 0.250000
vt 0.875000 0.250000
vt 0.937500 0.250000
vt 1.000000 0.250000
vt 0.000000 0.125000
vt 0.062500 0.125000
vt 0.125000 0.125000
vt 0.187500 0.125000
vt 0.250000 0.125000
vt 0.312500 0.125000
vt 0.375000 0.125000
vt 0.437500 0.125000
vt 0.500000 0.125000
vt 0.562500 0.125000
vt 0.625000 0.125000
vt 0.687500 0.125000
vt 0.750000 0.125000
vt 0.812500 0.125000
vt 0.875000 0.125000
vt 0.937500 0.125000
vt 1.000000 0.125000
vt 0.000000 0.000000
vt 0.062500 0.000000
vt 0.125000 0.000000
vt 0.187500 0.000000
vt 0.250000 0.000000
vt 0.312500 0.000000
vt 0.375000 0.000000
vt 0.437500 0.000000
vt 0.500000 0.000000
vt 0.562500 0.000000
vt 0.625000 0.000000
vt 0.687500 0.000000
vt 0.750000 0.000000
vt 0.812500 0.000000
vt 0.875000 0.000000
vt 0.937500 0.000000
vt 1.000000 0.000000
vn -0.653282 0.382683 0.653281
vn -0.853553 0.382683 0.353553
vn -0.853554 0.382684 0.353553
vn -0.653282 0.382683 0.653281
vn -0.353554 0.382683 0.853553
vn -0.353554 0.382683 0.853553
vn -0.000000 0.382683 0.923880
vn -0.000000 0.382683 0.923880
vn 0.353553 0.382684 0.853554
vn 0.353553 0.382683 0.853554
vn 0.653281 0.382683 0.653282
vn 0.653281 0.382684 0.653282
vn 0.853553 0.382684 0.353554
vn 0.853553 0.382684 0.353554
vn 0.923880 0.382684 0.000000
vn 0.923880 0.382684 0.000000
vn 0.853553 0.382684 -0.353553
vn 0.853553 0.382683 -0.353553
vn 0.653282 0.382683 -0.653281
vn 0.653282 0.382683 -0.653281
vn 0.353554 0.382683 -0.853553
vn 0.353554 0.382683 -0.853553
vn 0.000000 0.382684 -0.923879
vn 0.000000 0.382684 -0.923880
vn -0.353553 0.382684 -0.853553
vn -0.353553 0.382684 -0.853553
vn -0.653281 0.382684 -0.653282
vn -0.653281 0.382684 -0.653281
vn -0.853553 0.382684 -0.353553
vn -0.853553 0.382684 -0.353553
vn -0.923879 0.382684 -0.000000
vn -0.923880 0.382684 -0.000000
vn -0.270598 0.923880 0.270598
vn -0.353553 0.923880 0.146447
vn -0.353553 0.923880 0.146447
vn -0.270598 0.923880 0.270598
vn -0.146447 0.923880 0.353553
vn -0.146447 0.923880 0.353553
vn -0.000000 0.923880 0.382683
vn -0.000000 0.923880 0.382683
vn 0.146446 0.923880 0.353553
vn 0.146446 0.923880 0.353553
vn 0.270598 0.923880 0.270598
vn 0.270598 0.923880 0.270598
vn 0.353553 0.923880 0.146447
vn 0.353553 0.923880 0.146447
vn 0.382683 0.923880 0.000000
vn 0.382683 0.923880 0.000000
vn 0.353553 0.923880 -0.146447
vn 0.353553 0.923880 -0.146447
vn 0.270598 0.923879 -0.270598
vn 0.270598 0.923880 -0.270598
vn 0.146447 0.923880 -0.353553
vn 0.146447 0.923880 -0.353553
vn 0.000000 0.923880 -0.382683
vn 0.000000 0.923880 -0.382683
vn -0.146447 0.923880 -0.353553
vn -0.146447 0.923880 -0.353553
vn -0.270598 0.923880 -0.270598
vn -0.270598 0.923880 -0.270598
vn -0.353553 0.923880 -0.146447
vn -0.353553 0.923880 -0.146447
vn -0.382683 0.923880 -0.000000
vn -0.382683 0.923880 -0.000000
vn 0.270598 0.923880 -0.270598
vn 0.353554 0.923880 -0.146447
vn 0.353554 0.923880 -0.146447
vn 0.270598 0.923880 -0.270598
vn 0.146447 0.923880 -0.353554
vn 0.146447 0.923880 -0.353554
vn 0.000000 0.923880 -0.382684
vn 0.000000 0.923880 -0.382684
vn -0.146446 0.923880 -0.353554
vn -0.146446 0.923879 -0.353554
vn -0.270598 0.923880 -0.270598
vn -0.270598 0.923880 -0.270598
vn -0.353553 0.923879 -0.146447
vn -0.353553 0.923879 -0.146447
vn -0.382684 0.923879 -0.000000
vn -0.382684 0.923880 -0.000000
vn -0.353554 0.923879 0.146447
vn -0.353554 0.923880 0.146447
vn -0.270598 0.923880 0.270598
vn -0.270598 0.923880 0.270598
vn -0.146447 0.923880 0.353553
vn -0.146447 0.923880 0.353553
vn -0.000000 0.923880 0.382684
vn -0.000000 0.923880 0.382683
vn 0.146447 0.923880 0.353554
vn 0.146447 0.923880 0.353554
vn 0.270598 0.923880 0.270598
vn 0.270598 0.923880 0.270598
vn 0.353554 0.923879 0.146447
vn 0.353554 0.923879 0.146447
vn 0.382684 0.923879 0.000000
vn 0.382684 0.923880 0.000000
vn 0.653282 0.382684 -0.653281
vn 0.853553 0.382684 -0.353553
vn 0.853553 0.382684 -0.353553
vn 0.653282 0.382684 -0.653281
vn 0.353554 0.382684 -0.853553
vn 0.353554 0.382684 -0.853553
vn 0.000000 0.382684 -0.923880
vn 0.000000 0.382684 -0.923879
vn -0.353553 0.382683 -0.853554
vn -0.353553 0.382683 -0.853554
vn -0.653281 0.382683 -0.653282
vn -0.653281 0.382683 -0.653282
vn -0.853553 0.382683 -0.353554
vn -0.853553 0.382683 -0.353554
vn -0.923880 0.382684 -0.000000
vn -0.923880 0.382683 -0.000000
vn -0.853554 0.382683 0.353553
vn -0.853554 0.382683 0.353553
vn -0.653282 0.382684 0.653281
vn -0.653282 0.382683 0.653281
vn -0.353554 0.382684 0.853553
vn -0.353554 0.382684 0.853553
vn -0.000000 0.382684 0.923880
vn -0.000000 0.382684 0.923880
vn 0.353553 0.382683 0.853554
vn 0.353553 0.382683 0.853553
vn 0.653282 0.382683 0.653282
vn 0.653281 0.382683 0.653282
vn 0.853553 0.382683 0.353553
vn 0.853553 0.382683 0.353554
vn 0.923880 0.382684 0.000000
vn 0.923879 0.382684 0.000000
vn 0.653282 -0.382684 -0.653281
vn 0.853553 -0.382684 -0.353553
vn 0.853553 -0.382684 -0.353553
vn 0.653282 -0.382684 -0.653281
vn 0.353554 -0.382684 -0.853553
vn 0.353554 -0.382684 -0.853553
vn 0.000000 -0.382684 -0.923880
vn 0.000000 -0.382684 -0.923880
vn -0.353553 -0.382683 -0.853554
vn -0.353553 -0.382684 -0.853554
vn -0.653281 -0.382683 -0.653282
vn -0.653281 -0.382683 -0.653282
vn -0.853553 -0.382683 -0.353554
vn -0.853553 -0.382683 -0.353554
vn -0.923880 -0.382683 -0.000000
vn -0.923880 -0.382684 -0.000000
vn -0.853554 -0.382684 0.353553
vn -0.853554 -0.382684 0.353553
vn -0.653282 -0.382684 0.653281
vn -0.653282 -0.382684 0.653281
vn -0.353554 -0.382684 0.853553
vn -0.353554 -0.382684 0.853553
vn -0.000000 -0.382684 0.923880
vn -0.000000 -0.382684 0.923880
vn 0.353553 -0.382683 0.853553
vn 0.353553 -0.382683 0.853554
vn 0.653282 -0.382683 0.653282
vn 0.653281 -0.382683 0.653282
vn 0.853553 -0.382683 0.353554
vn 0.853553 -0.382683 0.353553
vn 0.923879 -0.382684 0.000000
vn 0.923880 -0.382684 0.000000
vn 0.270598 -0.923880 -0.270598
vn 0.353553 -0.923880 -0.146447
vn 0.353553 -0.923880 -0.146447
vn 0.270598 -0.923880 -0.270598
vn 0.146447 -0.923880 -0.353553
vn 0.146447 -0.923880 -0.353553
vn 0.000000 -0.923880 -0.382683
vn 0.000000 -0.923880 -0.382683
vn -0.146446 -0.923880 -0.353554
vn -0.146446 -0.923880 -0.353554
vn -0.270598 -0.923880 -0.270598
vn -0.270598 -0.923880 -0.270598
vn -0.353553 -0.923880 -0.146447
vn -0.353553 -0.923880 -0.146447
vn -0.382684 -0.923880 -0.000000
vn -0.382684 -0.923880 -0.000000
vn -0.353554 -0.923880 0.146447
vn -0.353554 -0.923879 0.146447
vn -0.270598 -0.923880 0.270598
vn -0.270598 -0.923880 0.270598
vn -0.146447 -0.923880 0.353553
vn -0.146447 -0.923880 0.353553
vn -0.000000 -0.923880 0.382683
vn -0.000000 -0.923880 0.382683
vn 0.146447 -0.923880 0.353553
vn 0.146447 -0.923880 0.353553
vn 0.270598 -0.923880 0.270598
vn 0.270598 -0.923880 0.270598
vn 0.353554 -0.923880 0.146447
vn 0.353554 -0.923880 0.146447
vn 0.382684 -0.923880 0.000000
vn 0.382684 -0.923880 0.000000
vn -0.270598 -0.923880 0.270598
vn -0.353554 -0.923880 0.146447
vn -0.353554 -0.923880 0.146447
vn -0.270598 -0.923880 0.270598
vn -0.146447 -0.923880 0.353553
vn -0.146447 -0.923880 0.353553
vn -0.000000 -0.923880 0.382684
vn -0.000000 -0.923880 0.382684
vn 0.146446 -0.923880 0.353554
vn 0.146446 -0.923880 0.353554
vn 0.270598 -0.923880 0.270598
vn 0.270598 -0.923880 0.270598
vn 0.353553 -0.923880 0.146447
vn 0.353553 -0.923880 0.146447
vn 0.382683 -0.923880 0.000000
vn 0.382684 -0.923880 0.000000
vn 0.353554 -0.923880 -0.146447
vn 0.353554 -0.923880 -0.146447
vn 0.270598 -0.923879 -0.270598
vn 0.270598 -0.923880 -0.270598
vn 0.146447 -0.923880 -0.353553
vn 0.146447 -0.923880 -0.353553
vn 0.000000 -0.923880 -0.382683
vn 0.000000 -0.923880 -0.382683
vn -0.146447 -0.923880 -0.353553
vn -0.146447 -0.923880 -0.353553
vn -0.270598 -0.923880 -0.270598
vn -0.270598 -0.923880 -0.270598
vn -0.353553 -0.923880 -0.146447
vn -0.353553 -0.923880 -0.146447
vn -0.382683 -0.923880 -0.000000
vn -0.382683 -0.923880 -0.000000
vn -0.653282 -0.382684 0.653281
vn -0.853553 -0.382684 0.353553
vn -0.853553 -0.382684 0.353553
vn -0.653282 -0.382684 0.653281
vn -0.353554 -0.382684 0.853553
vn -0.353554 -0.382684 0.853553
vn -0.000001 -0.382684 0.923879
vn -0.000001 -0.382684 0.923879
vn 0.353553 -0.382684 0.853553
vn 0.353553 -0.382684 0.853553
vn 0.653281 -0.382684 0.653282
vn 0.653281 -0.382684 0.653282
vn 0.853553 -0.382684 0.353554
vn 0.853553 -0.382684 0.353554
vn 0.923879 -0.382684 0.000000
vn 0.923879 -0.382684 0.000000
vn 0.853553 -0.382684 -0.353553
vn 0.853553 -0.382684 -0.353553
vn 0.653282 -0.382684 -0.653281
vn 0.653282 -0.382684 -0.653281
vn 0.353553 -0.382684 -0.853553
vn 0.353554 -0.382684 -0.853553
vn 0.000000 -0.382684 -0.923879
vn 0.000000 -0.382684 -0.923879
vn -0.353553 -0.382684 -0.853553
vn -0.353553 -0.382684 -0.853553
vn -0.653281 -0.382684 -0.653281
vn -0.653281 -0.382684 -0.653281
vn -0.853553 -0.382684 -0.353553
vn -0.853553 -0.382684 -0.353553
vn -0.923879 -0.382684 -0.000000
vn -0.923879 -0.382684 -0.000000
s 1
g ref_torus
f 175/269/350 174/268/351 190/285/352 191/286/353
f 176/270/354 175/269/350 191/286/353 192/287/355
f 177/271/356 176/270/354 192/287/355 193/288/357
f 178/272/358 177/271/356 193/288/357 194/289/359
f 179/273/360 178/272/358 194/289/359 195/290/361
f 180/274/362 179/273/360 195/290/361 196/291/363
f 181/275/364 180/274/362 196/291/363 197/292/365
f 182/276/366 181/275/364 197/292/365 198/293/367
f 183/277/368 182/276/366 198/293/367 199/294/369
f 184/278/370 183/277/368 199/294/369 200/295/371
f 185/279/372 184/278/370 200/295/371 201/296/373
f 186/280/374 185/279/372 201/296/373 202/297/375
f 187/281/376 186/280/374 202/297/375 203/298/377
f 188/282/378 187/281/376 203/298/377 204/299/379
f 189/283/380 188/282/378 204/299/379 205/300/381
f 174/284/351 189/283/380 205/300/381 190/301/352
s 2
f 191/286/382 190/285/383 206/302/384 207/303/385
f 192/287/386 191/286/382 207/303/385 208/304/387
f 193/288/388 192/287/386 208/304/387 209/305/389
f 194/289/390 193/288/388 209/305/389 210/306/391
f 195/290/392 194/289/390 210/306/391 211/307/393
f 196/291/394 195/290/392 211/307/393 212/308/395
f 197/292/396 196/291/394 212/308/395 213/309/397
f 198/293/398 197/292/396 213/309/397 214/310/399
f 199/294/400 198/293/398 214/310/399 215/311/401
f 200/295/402 199/294/400 215/311/401 216/312/403
f 201/296/404 200/295/402 216/312/403 217/313/405
f 202/297/406 201/296/404 217/313/405 218/314/407
f 203/298/408 202/297/406 218/314/407 219/315/409
f 204/299/410 203/298/408 219/315/409 220/316/411
f 205/300/412 204/299/410 220/316/411 221/317/413
f 190/301/383 205/300/412 221/317/413 206/318/384
s 3
f 207/303/414 206/302/415 222/319/416 223/320/417
f 208/304/418 207/303/414 223/320/417 224/321/419
f 209/305/420 208/304/418 224/321/419 225/322/421
f 210/306/422 209/305/420 225/322/421 226/323/423
f 211/307/424 210/306/422 226/323/423 227/324/425
f 212/308/426 211/307/424 227/324/425 228/325/427
f 213/309/428 212/308/426 228/325/427 229/326/429
f 214/310/430 213/309/428 229/326/429 230/327/431
f 215/311/432 214/310/430 230/327/431 231/328/433
f 216/312/434 215/311/432 231/328/433 232/329/435
f 217/313/436 216/312/434 232/329/435 233/330/437
f 218/314/438 217/313/436 233/330/437 234/331/439
f 219/315/440 218/314/438 234/331/439 235/332/441
f 220/316/442 219/315/440 235/332/441 236/333/443
f 221/317/444 220/316/442 236/333/443 237/334/445
f 206/318/415 221/317/444 237/334/445 222/335/416
s 4
f 223/320/446 222/319/447 238/336/448 239/337/449
f 224/321/450 223/320/446 239/337/449 240/338/451
f 225/322/452 224/321/450 240/338/451 241/339/453
f 226/323/454 225/322/452 241/339/453 242/340/455
f 227/324/456 226/323/454 242/340/455 243/341/457
f 228/325/458 227/324/456 243/341/457 244/342/459
f 229/326/460 228/325/458 244/342/459 245/343/461
f 230/327/462 229/326/460 245/343/461 246/344/463
f 231/328/464 230/327/462 246/344/463 247/345/465
f 232/329/466 231/328/464 247/345/465 248/346/467
f 233/330/468 232/329/466 248/346/467 249/347/469
f 234/331/470 233/330/468 249/347/469 250/348/471
f 235/332/472 234/331/470 250/348/471 251/349/473
f 236/333/474 235/332/472 251/349/473 252/350/475
f 237/334/476 236/333/474 252/350/475 253/351/477
f 222/335/447 237/334/476 253/351/477 238/352/448
s 5
f 239/337/478 238/336/479 254/353/480 255/354/481
f 240/338/482 239/337/478 255/354/481 256/355/483
f 241/339/484 240/338/482 256/355/483 257/356/485
f 242/340/486 241/339/484 257/356/485 258/357/487
f 243/341/488 242/340/486 258/357/487 259/358/489
f 244/342/490 243/341/488 259/358/489 260/359/491
f 245/343/492 244/342/490 260/359/491 261/360/493
f 246/344/494 245/343/492 261/360/493 262/361/495
f 247/345/496 246/344/494 262/361/495 263/362/497
f 248/346/498 247/345/496 263/362/497 264/363/499
f 249/347/500 248/346/498 264/363/499 265/364/501
f 250/348/502 249/347/500 265/364/501 266/365/503
f 251/349/504 250/348/502 266/365/503 267/366/505
f 252/350/506 251/349/504 267/366/505 268/367/507
f 253/351/508 252/350/506 268/367/507 269/368/509
f 238/352/479 253/351/508 269/368/509 254/369/480
s 6
f 255/354/510 254/353/511 270/370/512 271/371/513
f 256/355/514 255/354/510 271/371/513 272/372/515
f 257/356/516 256/355/514 272/372/515 273/373/517
f 258/357/518 257/356/516 273/373/517 274/374/519
f 259/358/520 258/357/518 274/374/519 275/375/521
f 260/359/522 259/358/520 275/375/521 276/376/523
f 261/360/524 260/359/522 276/376/523 277/377/525
f 262/361/526 261/360/524 277/377/525 278/378/527
f 263/362/528 262/361/526 278/378/527 279/379/529
f 264/363/530 263/362/528 279/379/529 280/380/531
f 265/364/532 264/363/530 280/380/531 281/381/533
f 266/365/534 265/364/532 281/381/533 282/382/535
f 267/366/536 266/365/534 282/382/535 283/383/537
f 268/367/538 267/366/536 283/383/537 284/384/539
f 269/368/540 268/367/538 284/384/539 285/385/541
f 254/369/511 269/368/540 285/385/541 270/386/512
s 7
f 271/371/542 270/370/543 286/387/544 287/388/545
f 272/372/546 271/371/542 287/388/545 288/389/547
f 273/373/548 272/372/546 288/389/547 289/390/549
f 274/374/550 273/373/548 289/390/549 290/391/551
f 275/375/552 274/374/550 290/391/551 291/392/553
f 276/376/554 275/375/552 291/392/553 292/393/555
f 277/377/556 276/376/554 292/393/555 293/394/557
f 278/378/558 277/377/556 293/394/557 294/395/559
f 279/379/560 278/378/558 294/395/559 295/396/561
f 280/380/562 279/379/560 295/396/561 296/397/563
f 281/381/564 280/380/562 296/397/563 297/398/565
f 282/382/566 281/381/564 297/398/565 298/399/567
f 283/383/568 282/382/566 298/399/567 299/400/569
f 284/384/570 283/383/568 299/400/569 300/401/571
f 285/385/572 284/384/570 300/401/571 301/402/573
f 270/386/543 285/385/572 301/402/573 286/403/544
s 8
f 287/388/574 286/387/575 174/404/576 175/405/577
f 288/389/578 287/388/574 175/405/577 176/406/579
f 289/390/580 288/389/578 176/406/579 177/407/581
f 290/391/582 289/390/580 177/407/581 178/408/583
f 291/392/584 290/391/582 178/408/583 179/409/585
f 292/393/586 291/392/584 179/409/585 180/410/587
f 293/394/588 292/393/586 180/410/587 181/411/589
f 294/395/590 293/394/588 181/411/589 182/412/591
f 295/396/592 294/395/590 182/412/591 183/413/593
f 296/397/594 295/396/592 183/413/593 184/414/595
f 297/398/596 296/397/594 184/414/595 185/415/597
f 298/399/598 297/398/596 185/415/597 186/416/599
f 299/400/600 298/399/598 186/416/599 187/417/601
f 300/401/602 299/400/600 187/417/601 188/418/603
f 301/402/604 300/401/602 188/418/603 189/419/605
f 286/403/575 301/402/604 189/419/605 174/420/576
g default
v 1.500000 0.000000 2.500000
v 2.500000 0.000000 2.500000
v 1.500000 0.000000 1.500000
v 2.500000 0.000000 1.500000
vt 0.000000 0.000000
vt 1.000000 0.000000
vt 0.000000 1.000000
vt 1.000000 1.000000
vn 0.000000 1.000000 0.000000
vn 0.000000 1.000000 0.000000
vn 0.000000 1.000000 0.000000
vn 0.000000 1.000000 0.000000
s off
g ref_plane
f 302/421/606 303/422/607 305/424/608 304/423/609
g default
v 4.467086 -0.178411 2.000000
v 4.467086 0.178411 2.000000
v 4.178411 0.000000 1.532914
v 4.288675 0.288675 1.711325
v 4.288675 -0.288675 1.711325
v 4.178411 0.000000 2.467086
v 4.288675 -0.288675 2.288675
v 4.288675 0.288675 2.288675
v 3.532914 -0.178411 2.000000
v 3.532914 0.178411 2.000000
v 3.821589 0.000000 2.467086
v 3.711325 -0.288675 2.288675
v 3.711325 0.288675 2.288675
v 3.821589 0.000000 1.532914
v 3.711325 0.288675 1.711325
v 3.711325 -0.288675 1.711325
v 4.000000 -0.467086 2.178411
v 4.000000 0.467086 2.178411
v 4.000000 0.467086 1.821589
v 4.000000 -0.467086 1.821589
vt 0.099106 0.000000
vt 0.221609 0.000000
vt 0.259464 0.236068
vt 0.160357 0.381966
vt 0.061251 0.236068
vt 0.037855 0.381966
vt 0.198213 0.618034
vt 0.099106 0.763932
vt 0.000000 0.618034
vt 0.320715 0.618034
vt 0.358570 0.854102
vt 0.259464 1.000000
vt 0.160357 0.854102
vt 0.358570 0.381966
vt 0.481072 0.381966
vt 0.518928 0.618034
vt 0.419821 0.763932
vt 0.297319 0.000000
vt 0.419821 0.000000
vt 0.457677 0.236068
vt 0.740536 0.000000
vt 0.839643 0.145898
vt 0.801787 0.381966
vt 0.679285 0.381966
vt 0.641430 0.145898
vt 0.580179 0.236068
vt 0.641430 0.618034
vt 0.740536 0.763932
vt 0.702681 1.000000
vt 0.580179 1.000000
vt 0.542323 0.763932
vt 0.839643 0.618034
vt 0.938749 0.763932
vt 0.900894 1.000000
vt 0.778391 1.000000
vt 0.900894 0.236068
vt 1.000000 0.381966
vt 0.962145 0.618034
vn 0.934172 -0.356822 -0.000000
vn 0.577350 -0.577350 -0.577350
vn 0.356822 0.000000 -0.934172
vn 0.577350 0.577350 -0.577350
vn 0.934172 0.356822 0.000000
vn 0.577350 0.577350 0.577350
vn 0.356822 0.000000 0.934172
vn 0.577350 -0.577350 0.577350
vn 0.000000 -0.934172 0.356822
vn 0.000000 -0.934172 -0.356822
vn -0.356822 0.000000 0.934172
vn -0.577350 -0.577350 0.577350
vn -0.934172 -0.356822 0.000000
vn -0.577350 -0.577350 -0.577350
vn -0.356822 0.000000 -0.934172
vn -0.577350 0.577350 -0.577350
vn 0.000000 0.934172 -0.356822
vn 0.000000 0.934172 0.356822
vn -0.577350 0.577350 0.577350
vn -0.934172 0.356822 0.000000
s 1
g ref_platonic_solid
f 306/431/610 310/432/611 308/433/612 309/430/613 307/428/614
f 313/427/615 311/438/616 312/434/617 306/431/610 307/428/614
f 306/431/610 312/434/617 322/435/618 325/436/619 310/437/611
f 311/438/616 316/439/620 317/440/621 322/441/618 312/434/617
f 322/454/618 317/455/621 314/451/622 321/452/623 325/453/619
f 310/458/611 325/459/619 321/452/623 319/456/624 308/457/612
f 308/462/612 319/456/624 320/447/625 324/460/626 309/461/613
f 307/428/614 309/429/613 324/425/626 323/426/627 313/427/615
f 313/427/615 323/442/627 318/443/628 316/444/620 311/438/616
f 314/451/622 317/440/621 316/439/620 318/450/628 315/448/629
f 315/448/629 318/449/628 323/445/627 324/446/626 320/447/625
f 315/448/629 320/447/625 319/456/624 321/452/623 314/451/622
g default
v 6.000000 -0.353553 1.292893
v 5.292893 -0.353553 2.000000
v 6.000000 -0.353553 2.707107
v 6.707107 -0.353553 2.000000
v 6.000000 0.353553 2.000000
vt 0.501880 0.000000
vt 0.001880 0.250000
vt 0.501880 0.500000
vt 1.001880 0.250000
vt 0.000000 0.500000
vt 0.250000 0.500000
vt 0.500000 0.500000
vt 0.750000 0.500000
vt 1.000000 0.500000
vt 0.500000 1.000000
vn 0.000000 -1.000000 0.000000
vn 0.000000 -1.000000 0.000000
vn 0.000000 -1.000000 0.000000
vn 0.000000 -1.000000 0.000000
vn -0.577350 0.577350 -0.577350
vn -0.577350 0.577350 -0.577350
vn -0.577350 0.577350 -0.577350
vn -0.577350 0.577350 0.577350
vn -0.577350 0.577350 0.577350
vn -0.577350 0.577350 0.577350
vn 0.577350 0.577350 0.577350
vn 0.577350 0.577350 0.577350
vn 0.577350 0.577350 0.577350
vn 0.577350 0.577350 -0.577350
vn 0.577350 0.577350 -0.577350
vn 0.577350 0.577350 -0.577350
s off
g ref_pyramid
f 326/463/630 329/466/631 328/465/632 327/464/633
f 326/467/634 327/468/635 330/472/636
f 327/468/637 328/469/638 330/472/639
f 328/469/640 329/470/641 330/472/642
f 329/470/643 326/471/644 330/472/645
g default
v -0.072169 -0.500000 3.875000
v -0.072169 -0.500000 4.125000
v 0.144338 -0.500000 4.000000
v -0.144338 -0.500000 3.750000
v -0.144338 -0.500000 4.250000
v 0.288675 -0.500000 4.000000
v -0.216506 -0.500000 3.625000
v -0.216506 -0.500000 4.375000
v 0.433013 -0.500000 4.000000
v -0.288675 -0.500000 3.500000
v -0.288675 -0.500000 4.500000
v 0.577350 -0.500000 4.000000
v -0.288675 0.500000 3.500000
v -0.288675 0.500000 4.500000
v 0.577350 0.500000 4.000000
v -0.216506 0.500000 3.625000
v -0.216506 0.500000 4.375000
v 0.433013 0.500000 4.000000
v -0.144338 0.500000 3.750000
v -0.144338 0.500000 4.250000
v 0.288675 0.500000 4.000000
v -0.072169 0.500000 3.875000
v -0.072169 0.500000 4.125000
v 0.144338 0.500000 4.000000
v 0.000000 -0.500000 4.000000
v 0.000000 0.500000 4.000000
vt 0.439380 0.097937
vt 0.439380 0.152063
vt 0.626880 0.125000
vt 0.376880 0.070873
vt 0.376880 0.179127
vt 0.751880 0.125000
vt 0.314380 0.043810
vt 0.314380 0.206190
vt 0.876880 0.125000
vt 0.251880 0.016747
vt 0.251880 0.233253
vt 1.001880 0.125000
vt 0.000000 0.250000
vt 0.333333 0.250000
vt 0.666667 0.250000
vt 1.000000 0.250000
vt 0.000000 0.750000
vt 0.333333 0.750000
vt 0.666667 0.750000
vt 1.000000 0.750000
vt 0.251880 0.766747
vt 0.251880 0.983253
vt 1.001880 0.875000
vt 0.314380 0.793810
vt 0.314380 0.956190
vt 0.876880 0.875000
vt 0.376880 0.820873
vt 0.376880 0.929127
vt 0.751880 0.875000
vt 0.439380 0.847937
vt 0.439380 0.902063
vt 0.626880 0.875000
vt 0.501880 0.125000
vt 0.501880 0.875000
vn 0.000000 -1.000000 -0.000000
vn 0.000000 -1.000000 -0.000000
vn 0.000000 -1.000000 -0.000000
vn 0.000000 -1.000000 0.000000
vn 0.000000 -1.000000 -0.000000
vn 0.000000 -1.000000 -0.000000
vn 0.000000 -1.000000 -0.000000
vn 0.000000 -1.000000 -0.000000
vn 0.000000 -1.000000 -0.000000
vn 0.000000 -1.000000 -0.000000
vn 0.000000 -1.000000 -0.000000
vn 0.000000 -1.000000 -0.000000
vn -1.000000 0.000000 -0.000000
vn -1.000000 0.000000 -0.000000
vn -1.000000 0.000000 -0.000000
vn -1.000000 0.000000 -0.000000
vn 0.500000 0.000000 0.866025
vn 0.500000 0.000000 0.866025
vn 0.500000 0.000000 0.866025
vn 0.500000 0.000000 0.866025
vn 0.500000 0.000000 -0.866025
vn 0.500000 0.000000 -0.866025
vn 0.500000 0.000000 -0.866025
vn 0.500000 0.000000 -0.866025
vn 0.000000 1.000000 -0.000000
vn 0.000000 1.000000 -0.000000
vn 0.000000 1.000000 -0.000000
vn 0.000000 1.000000 -0.000000
vn 0.000000 1.000000 -0.000000
vn 0.000000 1.000000 -0.000000
vn 0.000000 1.000000 -0.000000
vn 0.000000 1.000000 0.000000
vn 0.000000 1.000000 -0.000000
vn 0.000000 1.000000 -0.000000
vn 0.000000 1.000000 0.000000
vn 0.000000 1.000000 -0.000000
vn 0.000000 -1.000000 -0.000000
vn 0.000000 1.000000 -0.000000
s 1
g ref_prism
f 331/473/646 332/474/647 335/477/648 334/476/649
f 332/474/647 333/475/650 336/478/651 335/477/648
f 333/475/650 331/473/646 334/476/649 336/478/651
f 334/476/649 335/477/648 338/480/652 337/479/653
f 335/477/648 336/478/651 339/481/654 338/480/652
f 336/478/651 334/476/649 337/479/653 339/481/654
f 337/479/653 338/480/652 341/483/655 340/482/656
f 338/480/652 339/481/654 342/484/657 341/483/655
f 339/481/654 337/479/653 340/482/656 342/484/657
s off
f 340/485/658 341/486/659 344/490/660 343/489/661
f 341/486/662 342/487/663 345/491/664 344/490/665
f 342/487/666 340/488/667 343/492/668 345/491/669
s 2
f 343/494/670 344/493/671 347/496/672 346/497/673
f 344/493/671 345/495/674 348/498/675 347/496/672
f 345/495/674 343/494/670 346/497/673 348/498/675
f 346/497/673 347/496/672 350/499/676 349/500/677
f 347/496/672 348/498/675 351/501/678 350/499/676
f 348/498/675 346/497/673 349/500/677 351/501/678
f 349/500/677 350/499/676 353/502/679 352/503/680
f 350/499/676 351/501/678 354/504/681 353/502/679
f 351/501/678 349/500/677 352/503/680 354/504/681
s 1
f 332/474/647 331/473/646 355/505/682
f 333/475/650 332/474/647 355/505/682
f 331/473/646 333/475/650 355/505/682
s 2
f 352/503/680 353/502/679 356/506/683
f 353/502/679 354/504/681 356/506/683
f 354/504/681 352/503/680 356/506/683
g default
v 2.400000 -0.250000 4.000000
v 2.369552 -0.250000 3.846927
v 2.282843 -0.250000 3.717157
v 2.153073 -0.250000 3.630448
v 2.000000 -0.250000 3.600000
v 1.846927 -0.250000 3.630448
v 1.717157 -0.250000 3.717157
v 1.630448 -0.250000 3.846927
v 1.600000 -0.250000 4.000000
v 1.630448 -0.250000 4.153073
v 1.717157 -0.250000 4.282843
v 1.846927 -0.250000 4.369552
v 2.000000 -0.250000 4.400000
v 2.153073 -0.250000 4.369552
v 2.282843 -0.250000 4.282843
v 2.369552 -0.250000 4.153073
v 2.400000 0.250000 4.000000
v 2.369552 0.250000 3.846927
v 2.282843 0.250000 3.717157
v 2.153073 0.250000 3.630448
v 2.000000 0.250000 3.600000
v 1.846927 0.250000 3.630448
v 1.717157 0.250000 3.717157
v 1.630448 0.250000 3.846927
v 1.600000 0.250000 4.000000
v 1.630448 0.250000 4.153073
v 1.717157 0.250000 4.282843
v 1.846927 0.250000 4.369552
v 2.000000 0.250000 4.400000
v 2.153073 0.250000 4.369552
v 2.282843 0.250000 4.282843
v 2.369552 0.250000 4.153073
v 2.500000 0.250000 4.000000
v 2.461940 0.250000 3.808658
v 2.353553 0.250000 3.646447
v 2.191342 0.250000 3.538060
v 2.000000 0.250000 3.500000
v 1.808658 0.250000 3.538060
v 1.646447 0.250000 3.646447
v 1.538060 0.250000 3.808658
v 1.500000 0.250000 4.000000
v 1.538060 0.250000 4.191342
v 1.646447 0.250000 4.353554
v 1.808659 0.250000 4.461940
v 2.000000 0.250000 4.500000
v 2.191342 0.250000 4.461940
v 2.353554 0.250000 4.353553
v 2.461940 0.250000 4.191341
v 2.500000 -0.250000 4.000000
v 2.461940 -0.250000 3.808658
v 2.353553 -0.250000 3.646447
v 2.191342 -0.250000 3.538060
v 2.000000 -0.250000 3.500000
v 1.808658 -0.250000 3.538060
v 1.646447 -0.250000 3.646447
v 1.538060 -0.250000 3.808658
v 1.500000 -0.250000 4.000000
v 1.538060 -0.250000 4.191342
v 1.646447 -0.250000 4.353554
v 1.808659 -0.250000 4.461940
v 2.000000 -0.250000 4.500000
v 2.191342 -0.250000 4.461940
v 2.353554 -0.250000 4.353553
v 2.461940 -0.250000 4.191341
vt 0.000000 1.000000
vt 0.062500 1.000000
vt 0.125000 1.000000
vt 0.187500 1.000000
vt 0.250000 1.000000
vt 0.312500 1.000000
vt 0.375000 1.000000
vt 0.437500 1.000000
vt 0.500000 1.000000
vt 0.562500 1.000000
vt 0.625000 1.000000
vt 0.687500 1.000000
vt 0.750000 1.000000
vt 0.812500 1.000000
vt 0.875000 1.000000
vt 0.937500 1.000000
vt 1.000000 1.000000
vt 0.000000 0.750000
vt 0.062500 0.750000
vt 0.125000 0.750000
vt 0.187500 0.750000
vt 0.250000 0.750000
vt 0.312500 0.750000
vt 0.375000 0.750000
vt 0.437500 0.750000
vt 0.500000 0.750000
vt 0.562500 0.750000
vt 0.625000 0.750000
vt 0.687500 0.750000
vt 0.750000 0.750000
vt 0.812500 0.750000
vt 0.875000 0.750000
vt 0.937500 0.750000
vt 1.000000 0.750000
vt 0.000000 0.500000
vt 0.062500 0.500000
vt 0.125000 0.500000
vt 0.187500 0.500000
vt 0.250000 0.500000
vt 0.312500 0.500000
vt 0.375000 0.500000
vt 0.437500 0.500000
vt 0.500000 0.500000
vt 0.562500 0.500000
vt 0.625000 0.500000
vt 0.687500 0.500000
vt 0.750000 0.500000
vt 0.812500 0.500000
vt 0.875000 0.500000
vt 0.937500 0.500000
vt 1.000000 0.500000
vt 0.000000 0.250000
vt 0.062500 0.250000
vt 0.125000 0.250000
vt 0.187500 0.250000
vt 0.250000 0.250000
vt 0.312500 0.250000
vt 0.375000 0.250000
vt 0.437500 0.250000
vt 0.500000 0.250000
vt 0.562500 0.250000
vt 0.625000 0.250000
vt 0.687500 0.250000
vt 0.750000 0.250000
vt 0.812500 0.250000
vt 0.875000 0.250000
vt 0.937500 0.250000
vt 1.000000 0.250000
vt 0.000000 0.000000
vt 0.062500 0.000000
vt 0.125000 0.000000
vt 0.187500 0.000000
vt 0.250000 0.000000
vt 0.312500 0.000000
vt 0.375000 0.000000
vt 0.437500 0.000000
vt 0.500000 0.000000
vt 0.562500 0.000000
vt 0.625000 0.000000
vt 0.687500 0.000000
vt 0.750000 0.000000
vt 0.812500 0.000000
vt 0.875000 0.000000
vt 0.937500 0.000000
vt 1.000000 0.000000
vn -0.923880 0.000000 0.382684
vn -1.000000 0.000000 0.000000
vn -1.000000 0.000000 0.000000
vn -0.923880 0.000000 0.382684
vn -0.707107 0.000000 0.707107
vn -0.707107 0.000000 0.707107
vn -0.382683 0.000000 0.923880
vn -0.382683 0.000000 0.923880
vn 0.000000 0.000000 1.000000
vn 0.000000 0.000000 1.000000
vn 0.382684 0.000000 0.923879
vn 0.382684 0.000000 0.923879
vn 0.707107 0.000000 0.707107
vn 0.707107 0.000000 0.707107
vn 0.923880 0.000000 0.382683
vn 0.923880 0.000000 0.382683
vn 1.000000 0.000000 -0.000000
vn 1.000000 0.000000 -0.000000
vn 0.923879 0.000000 -0.382684
vn 0.923879 0.000000 -0.382684
vn 0.707107 0.000000 -0.707107
vn 0.707107 0.000000 -0.707107
vn 0.382683 0.000000 -0.923880
vn 0.382683 0.000000 -0.923880
vn -0.000000 0.000000 -1.000000
vn -0.000000 0.000000 -1.000000
vn -0.382684 0.000000 -0.923879
vn -0.382684 0.000000 -0.923879
vn -0.707107 0.000000 -0.707107
vn -0.707107 0.000000 -0.707107
vn -0.923880 0.000000 -0.382683
vn -0.923880 0.000000 -0.382683
vn 0.000000 1.000000 0.000000
vn 0.000000 1.000000 0.000000
vn 0.000000 1.000000 0.000000
vn 0.000000 1.000000 0.000000
vn 0.000000 1.000000 0.000000
vn 0.000000 1.000000 0.000000
vn 0.000000 1.000000 0.000000
vn 0.000000 1.000000 0.000000
vn 0.000000 1.000000 0.000000
vn 0.000000 1.000000 0.000000
vn 0.000000 1.000000 0.000000
vn 0.000000 1.000000 0.000000
vn 0.000000 1.000000 0.000000
vn 0.000000 1.000000 0.000000
vn 0.000000 1.000000 0.000000
vn 0.000000 1.000000 0.000000
vn 0.000000 1.000000 0.000000
vn 0.000000 1.000000 0.000000
vn 0.000000 1.000000 0.000000
vn 0.000000 1.000000 0.000000
vn 0.000000 1.000000 0.000000
vn 0.000000 1.000000 0.000000
vn 0.000000 1.000000 0.000000
vn 0.000000 1.000000 0.000000
vn 0.000000 1.000000 0.000000
vn 0.000000 1.000000 0.000000
vn 0.000000 1.000000 0.000000
vn 0.000000 1.000000 0.000000
vn 0.000000 1.000000 0.000000
vn 0.000000 1.000000 0.000000
vn 0.000000 1.000000 0.000000
vn 0.000000 1.000000 0.000000
vn 0.923880 0.000000 -0.382684
vn 1.000000 0.000000 -0.000000
vn 1.000000 0.000000 -0.000000
vn 0.923880 0.000000 -0.382684
vn 0.707107 0.000000 -0.707107
vn 0.707107 0.000000 -0.707107
vn 0.382683 0.000000 -0.923880
vn 0.382683 0.000000 -0.923880
vn -0.000000 0.000000 -1.000000
vn -0.000000 0.000000 -1.000000
vn -0.382684 0.000000 -0.923879
vn -0.382684 0.000000 -0.923879
vn -0.707107 0.000000 -0.707107
vn -0.707107 0.000000 -0.707107
vn -0.923880 0.000000 -0.382683
vn -0.923880 0.000000 -0.382683
vn -1.000000 0.000000 0.000000
vn -1.000000 0.000000 0.000000
vn -0.923879 0.000000 0.382684
vn -0.923879 0.000000 0.382684
vn -0.707106 0.000000 0.707107
vn -0.707106 0.000000 0.707107
vn -0.382683 0.000000 0.923880
vn -0.382683 0.000000 0.923880
vn 0.000001 0.000000 1.000000
vn 0.000001 0.000000 1.000000
vn 0.382684 0.000000 0.923879
vn 0.382684 0.000000 0.923879
vn 0.707107 0.000000 0.707107
vn 0.707107 0.000000 0.707107
vn 0.923880 0.000000 0.382683
vn 0.923880 0.000000 0.382683
vn 0.000000 -1.000000 0.000000
vn 0.000000 -1.000000 0.000000
vn 0.000000 -1.000000 0.000000
vn 0.000000 -1.000000 0.000000
vn 0.000000 -1.000000 0.000000
vn 0.000000 -1.000000 0.000000
vn 0.000000 -1.000000 0.000000
vn 0.000000 -1.000000 0.000000
vn 0.000000 -1.000000 0.000000
vn 0.000000 -1.000000 0.000000
vn 0.000000 -1.000000 0.000000
vn 0.000000 -1.000000 0.000000
vn 0.000000 -1.000000 0.000000
vn 0.000000 -1.000000 0.000000
vn 0.000000 -1.000000 0.000000
vn 0.000000 -1.000000 0.000000
vn 0.000000 -1.000000 0.000000
vn 0.000000 -1.000000 0.000000
vn 0.000000 -1.000000 0.000000
vn 0.000000 -1.000000 0.000000
vn 0.000000 -1.000000 0.000000
vn 0.000000 -1.000000 0.000000
vn 0.000000 -1.000000 0.000000
vn 0.000000 -1.000000 0.000000
vn 0.000000 -1.000000 0.000000
vn 0.000000 -1.000000 0.000000
vn 0.000000 -1.000000 0.000000
vn 0.000000 -1.000000 0.000000
vn 0.000000 -1.000000 0.000000
vn 0.000000 -1.000000 0.000000
vn 0.000000 -1.000000 0.000000
vn 0.000000 -1.000000 0.000000
s 1
g ref_pipe
f 358/508/684 357/507/685 373/524/686 374/525/687
f 359/509/688 358/508/684 374/525/687 375/526/689
f 360/510/690 359/509/688 375/526/689 376/527/691
f 361/511/692 360/510/690 376/527/691 377/528/693
f 362/512/694 361/511/692 377/528/693 378/529/695
f 363/513/696 362/512/694 378/529/695 379/530/697
f 364/514/698 363/513/696 379/530/697 380/531/699
f 365/515/700 364/514/698 380/531/699 381/532/701
f 366/516/702 365/515/700 381/532/701 382/533/703
f 367/517/704 366/516/702 382/533/703 383/534/705
f 368/518/706 367/517/704 383/534/705 384/535/707
f 369/519/708 368/518/706 384/535/707 385/536/709
f 370/520/710 369/519/708 385/536/709 386/537/711
f 371/521/712 370/520/710 386/537/711 387/538/713
f 372/522/714 371/521/712 387/538/713 388/539/715
f 357/523/685 372/522/714 388/539/715 373/540/686
s 2
f 374/525/716 373/524/717 389/541/718 390/542/719
f 375/526/720 374/525/716 390/542/719 391/543/721
f 376/527/722 375/526/720 391/543/721 392/544/723
f 377/528/724 376/527/722 392/544/723 393/545/725
f 378/529/726 377/528/724 393/545/725 394/546/727
f 379/530/728 378/529/726 394/546/727 395/547/729
f 380/531/730 379/530/728 395/547/729 396/548/731
f 381/532/732 380/531/730 396/548/731 397/549/733
f 382/533/734 381/532/732 397/549/733 398/550/735
f 383/534/736 382/533/734 398/550/735 399/551/737
f 384/535/738 383/534/736 399/551/737 400/552/739
f 385/536/740 384/535/738 400/552/739 401/553/741
f 386/537/742 385/536/740 401/553/741 402/554/743
f 387/538/744 386/537/742 402/554/743 403/555/745
f 388/539/746 387/538/744 403/555/745 404/556/747
f 373/540/717 388/539/746 404/556/747 389/557/718
s 3
f 390/542/748 389/541/749 405/558/750 406/559/751
f 391/543/752 390/542/748 406/559/751 407/560/753
f 392/544/754 391/543/752 407/560/753 408/561/755
f 393/545/756 392/544/754 408/561/755 409/562/757
f 394/546/758 393/545/756 409/562/757 410/563/759
f 395/547/760 394/546/758 410/563/759 411/564/761
f 396/548/762 395/547/760 411/564/761 412/565/763
f 397/549/764 396/548/762 412/565/763 413/566/765
f 398/550/766 397/549/764 413/566/765 414/567/767
f 399/551/768 398/550/766 414/567/767 415/568/769
f 400/552/770 399/551/768 415/568/769 416/569/771
f 401/553/772 400/552/770 416/569/771 417/570/773
f 402/554/774 401/553/772 417/570/773 418/571/775
f 403/555/776 402/554/774 418/571/775 419/572/777
f 404/556/778 403/555/776 419/572/777 420/573/779
f 389/557/749 404/556/778 420/573/779 405/574/750
s 4
f 406/559/780 405/558/781 357/575/782 358/576/783
f 407/560/784 406/559/780 358/576/783 359/577/785
f 408/561/786 407/560/784 359/577/785 360/578/787
f 409/562/788 408/561/786 360/578/787 361/579/789
f 410/563/790 409/562/788 361/579/789 362/580/791
f 411/564/792 410/563/790 362/580/791 363/581/793
f 412/565/794 411/564/792 363/581/793 364/582/795
f 413/566/796 412/565/794 364/582/795 365/583/797
f 414/567/798 413/566/796 365/583/797 366/584/799
f 415/568/800 414/567/798 366/584/799 367/585/801
f 416/569/802 415/568/800 367/585/801 368/586/803
f 417/570/804 416/569/802 368/586/803 369/587/805
f 418/571/806 417/570/804 369/587/805 370/588/807
f 419/572/808 418/571/806 370/588/807 371/589/809
f 420/573/810 419/572/808 371/589/809 372/590/811
f 405/574/781 420/573/810 372/590/811 357/591/782
g default
v 4.023358 -0.633939 4.000000
v 3.947488 -0.747487 4.000000
v 3.833939 -0.823358 4.000000
v 3.700000 -0.850000 4.000000
v 3.566061 -0.823358 4.000000
v 3.452513 -0.747487 4.000000
v 3.376642 -0.633939 4.000000
v 3.350000 -0.500000 4.000000
v 3.376642 -0.366061 4.000000
v 3.452513 -0.252513 4.000000
v 3.566061 -0.176642 4.000000
v 3.700000 -0.150000 4.000000
v 3.833939 -0.176642 4.000000
v 3.947487 -0.252513 4.000000
v 4.023358 -0.366061 4.000000
v 4.050000 -0.500000 4.000000
v 4.016517 -0.571439 3.983483
v 3.962868 -0.684987 4.037132
v 3.882577 -0.760858 4.117423
v 3.787868 -0.787500 4.212132
v 3.693159 -0.760858 4.306841
v 3.612868 -0.684987 4.387132
v 3.559220 -0.571439 4.440781
v 3.540381 -0.437500 4.459619
v 3.559219 -0.303561 4.440781
v 3.612868 -0.190013 4.387132
v 3.693159 -0.114142 4.306841
v 3.787868 -0.087500 4.212132
v 3.882577 -0.114142 4.117423
v 3.962868 -0.190013 4.037132
v 4.016516 -0.303561 3.983484
v 4.035355 -0.437500 3.964645
v 4.000000 -0.508939 3.976642
v 4.000000 -0.622487 4.052512
v 4.000000 -0.698358 4.166061
v 4.000000 -0.725000 4.300000
v 4.000000 -0.698358 4.433939
v 4.000000 -0.622487 4.547487
v 4.000000 -0.508939 4.623358
v 4.000000 -0.375000 4.650000
v 4.000000 -0.241061 4.623358
v 4.000000 -0.127513 4.547487
v 4.000000 -0.051642 4.433939
v 4.000000 -0.025000 4.300000
v 4.000000 -0.051642 4.166061
v 4.000000 -0.127513 4.052513
v 4.000000 -0.241061 3.976642
v 4.000000 -0.375000 3.950000
v 3.983483 -0.446439 3.983483
v 4.037132 -0.559987 4.037132
v 4.117423 -0.635858 4.117423
v 4.212132 -0.662500 4.212132
v 4.306841 -0.635858 4.306841
v 4.387132 -0.559987 4.387132
v 4.440781 -0.446439 4.440780
v 4.459619 -0.312500 4.459619
v 4.440781 -0.178561 4.440781
v 4.387132 -0.065013 4.387132
v 4.306841 0.010858 4.306841
v 4.212132 0.037500 4.212132
v 4.117423 0.010858 4.117423
v 4.037132 -0.065013 4.037132
v 3.983484 -0.178561 3.983484
v 3.964645 -0.312500 3.964645
v 3.976642 -0.383939 4.000000
v 4.052512 -0.497487 4.000000
v 4.166061 -0.573358 4.000000
v 4.300000 -0.600000 4.000000
v 4.433939 -0.573358 4.000000
v 4.547487 -0.497487 4.000000
v 4.623358 -0.383939 4.000000
v 4.650000 -0.250000 4.000000
v 4.623358 -0.116061 4.000000
v 4.547487 -0.002513 4.000000
v 4.433939 0.073358 4.000000
v 4.300000 0.100000 4.000000
v 4.166061 0.073358 4.000000
v 4.052513 -0.002513 4.000000
v 3.976642 -0.116061 4.000000
v 3.950000 -0.250000 4.000000
v 3.983483 -0.321439 4.016517
v 4.037132 -0.434987 3.962868
v 4.117423 -0.510858 3.882577
v 4.212132 -0.537500 3.787868
v 4.306841 -0.510858 3.693159
v 4.387132 -0.434987 3.612868
v 4.440780 -0.321439 3.559219
v 4.459619 -0.187500 3.540381
v 4.440780 -0.053561 3.559219
v 4.387132 0.059987 3.612868
v 4.306841 0.135858 3.693159
v 4.212132 0.162500 3.787868
v 4.117423 0.135858 3.882577
v 4.037132 0.059987 3.962868
v 3.983484 -0.053561 4.016516
v 3.964645 -0.187500 4.035355
v 4.000000 -0.258939 4.023358
v 4.000000 -0.372487 3.947488
v 4.000000 -0.448358 3.833939
v 4.000000 -0.475000 3.700000
v 4.000000 -0.448358 3.566061
v 4.000000 -0.372487 3.452513
v 4.000000 -0.258939 3.376642
v 4.000000 -0.125000 3.350000
v 4.000000 0.008939 3.376642
v 4.000000 0.122487 3.452513
v 4.000000 0.198358 3.566061
v 4.000000 0.225000 3.700000
v 4.000000 0.198358 3.833939
v 4.000000 0.122487 3.947487
v 4.000000 0.008939 4.023358
v 4.000000 -0.125000 4.050000
v 4.016517 -0.196439 4.016517
v 3.962868 -0.309987 3.962868
v 3.882577 -0.385858 3.882577
v 3.787868 -0.412500 3.787868
v 3.693159 -0.385858 3.693159
v 3.612868 -0.309987 3.612868
v 3.559220 -0.196439 3.559219
v 3.540381 -0.062500 3.540381
v 3.559220 0.071439 3.559219
v 3.612868 0.184987 3.612868
v 3.693159 0.260858 3.693159
v 3.787868 0.287500 3.787868
v 3.882577 0.260858 3.882577
v 3.962868 0.184987 3.962868
v 4.016516 0.071439 4.016516
v 4.035355 -0.062500 4.035355
v 4.023358 -0.133939 4.000000
v 3.947488 -0.247487 4.000000
v 3.833939 -0.323358 4.000000
v 3.700000 -0.350000 4.000000
v 3.566061 -0.323358 4.000000
v 3.452513 -0.247487 4.000000
v 3.376642 -0.133939 4.000000
v 3.350000 -0.000000 4.000000
v 3.376642 0.133939 4.000000
v 3.452513 0.247487 4.000000
v 3.566061 0.323358 4.000000
v 3.700000 0.350000 4.000000
v 3.833939 0.323358 4.000000
v 3.947487 0.247487 4.000000
v 4.023358 0.133939 4.000000
v 4.050000 0.000000 4.000000
v 4.016517 -0.071439 3.983483
v 3.962868 -0.184987 4.037132
v 3.882577 -0.260858 4.117423
v 3.787868 -0.287500 4.212132
v 3.693159 -0.260858 4.306841
v 3.612868 -0.184987 4.387132
v 3.559219 -0.071439 4.440780
v 3.540380 0.062500 4.459619
v 3.559219 0.196439 4.440780
v 3.612868 0.309987 4.387132
v 3.693158 0.385858 4.306841
v 3.787868 0.412500 4.212132
v 3.882577 0.385858 4.117423
v 3.962868 0.309987 4.037132
v 4.016516 0.196439 3.983484
v 4.035355 0.062500 3.964645
v 4.000000 -0.008939 3.976642
v 4.000000 -0.122487 4.052512
v 4.000000 -0.198358 4.166061
v 4.000000 -0.225000 4.300000
v 4.000000 -0.198358 4.433939
v 4.000000 -0.122487 4.547487
v 4.000000 -0.008939 4.623358
v 4.000000 0.125000 4.650000
v 4.000000 0.258939 4.623358
v 4.000000 0.372487 4.547487
v 4.000000 0.448358 4.433939
v 4.000000 0.475000 4.300000
v 4.000000 0.448358 4.166061
v 4.000000 0.372487 4.052513
v 4.000000 0.258939 3.976642
v 4.000000 0.125000 3.950000
v 3.983483 0.053561 3.983483
v 4.037132 -0.059987 4.037132
v 4.117423 -0.135858 4.117423
v 4.212132 -0.162500 4.212132
v 4.306841 -0.135858 4.306841
v 4.387132 -0.059987 4.387132
v 4.440780 0.053561 4.440781
v 4.459619 0.187500 4.459620
v 4.440780 0.321439 4.440781
v 4.387132 0.434987 4.387132
v 4.306841 0.510858 4.306841
v 4.212132 0.537500 4.212132
v 4.117423 0.510858 4.117423
v 4.037132 0.434987 4.037132
v 3.983484 0.321439 3.983484
v 3.964645 0.187500 3.964645
v 3.976642 0.116061 4.000000
v 4.052512 0.002513 4.000000
v 4.166061 -0.073358 4.000000
v 4.300000 -0.100000 4.000000
v 4.433939 -0.073358 4.000000
v 4.547487 0.002513 4.000000
v 4.623358 0.116061 4.000000
v 4.650000 0.250000 4.000000
v 4.623358 0.383939 4.000000
v 4.547487 0.497487 4.000000
v 4.433939 0.573358 4.000000
v 4.300000 0.600000 4.000000
v 4.166061 0.573358 4.000000
v 4.052513 0.497487 4.000000
v 3.976642 0.383939 4.000000
v 3.950000 0.250000 4.000000
v 3.983483 0.178561 4.016517
v 4.037132 0.065013 3.962868
v 4.117423 -0.010858 3.882577
v 4.212132 -0.037500 3.787868
v 4.306841 -0.010858 3.693159
v 4.387132 0.065013 3.612868
v 4.440780 0.178561 3.559219
v 4.459619 0.312500 3.540380
v 4.440780 0.446439 3.559219
v 4.387132 0.559987 3.612868
v 4.306841 0.635858 3.693159
v 4.212132 0.662500 3.787868
v 4.117423 0.635858 3.882577
v 4.037132 0.559987 3.962868
v 3.983484 0.446439 4.016516
v 3.964645 0.312500 4.035355
v 4.000000 0.241061 4.023358
v 4.000000 0.127513 3.947488
v 4.000000 0.051642 3.833939
v 4.000000 0.025000 3.700000
v 4.000000 0.051642 3.566061
v 4.000000 0.127513 3.452513
v 4.000000 0.241061 3.376642
v 4.000000 0.375000 3.350000
v 4.000000 0.508939 3.376642
v 4.000000 0.622487 3.452513
v 4.000000 0.698358 3.566061
v 4.000000 0.725000 3.700000
v 4.000000 0.698358 3.833939
v 4.000000 0.622487 3.947487
v 4.000000 0.508939 4.023358
v 4.000000 0.375000 4.050000
v 4.016517 0.303561 4.016517
v 3.962868 0.190013 3.962868
v 3.882577 0.114142 3.882578
v 3.787868 0.087500 3.787868
v 3.693158 0.114142 3.693159
v 3.612868 0.190013 3.612868
v 3.559219 0.303561 3.559220
v 3.540380 0.437500 3.540381
v 3.559219 0.571439 3.559220
v 3.612868 0.684987 3.612868
v 3.693158 0.760858 3.693159
v 3.787868 0.787500 3.787868
v 3.882577 0.760858 3.882577
v 3.962868 0.684987 3.962868
v 4.016517 0.571439 4.016516
v 4.035355 0.437500 4.035355
v 4.023358 0.366061 4.000000
v 3.947488 0.252513 4.000000
v 3.833939 0.176642 4.000000
v 3.700000 0.150000 4.000000
v 3.566061 0.176642 4.000001
v 3.452513 0.252513 4.000001
v 3.376642 0.366061 4.000001
v 3.350000 0.500000 4.000001
v 3.376642 0.633939 4.000001
v 3.452513 0.747487 4.000001
v 3.566061 0.823358 4.000001
v 3.700000 0.850000 4.000000
v 3.833939 0.823358 4.000000
v 3.947487 0.747487 4.000000
v 4.023358 0.633939 4.000000
v 4.050000 0.500000 4.000000
vt 0.963820 0.077165
vt 0.855433 0.036612
vt 0.693222 0.009515
vt 0.501880 0.000000
vt 0.310538 0.009515
vt 0.148326 0.036612
vt 0.039940 0.077165
vt 0.001880 0.125000
vt 0.039940 0.172835
vt 0.148326 0.213388
vt 0.310538 0.240485
vt 0.501880 0.250000
vt 0.693221 0.240485
vt 0.855433 0.213388
vt 0.963820 0.172835
vt 1.001880 0.125000
vt 0.000000 0.250000
vt 0.062500 0.250000
vt 0.125000 0.250000
vt 0.187500 0.250000
vt 0.250000 0.250000
vt 0.312500 0.250000
vt 0.375000 0.250000
vt 0.437500 0.250000
vt 0.500000 0.250000
vt 0.562500 0.250000
vt 0.625000 0.250000
vt 0.687500 0.250000
vt 0.750000 0.250000
vt 0.812500 0.250000
vt 0.875000 0.250000
vt 0.937500 0.250000
vt 1.000000 0.250000
vt 0.000000 0.281250
vt 0.062500 0.281250
vt 0.125000 0.281250
vt 0.187500 0.281250
vt 0.250000 0.281250
vt 0.312500 0.281250
vt 0.375000 0.281250
vt 0.437500 0.281250
vt 0.500000 0.281250
vt 0.562500 0.281250
vt 0.625000 0.281250
vt 0.687500 0.281250
vt 0.750000 0.281250
vt 0.812500 0.281250
vt 0.875000 0.281250
vt 0.937500 0.281250
vt 1.000000 0.281250
vt 0.000000 0.312500
vt 0.062500 0.312500
vt 0.125000 0.312500
vt 0.187500 0.312500
vt 0.250000 0.312500
vt 0.312500 0.312500
vt 0.375000 0.312500
vt 0.437500 0.312500
vt 0.500000 0.312500
vt 0.562500 0.312500
vt 0.625000 0.312500
vt 0.687500 0.312500
vt 0.750000 0.312500
vt 0.812500 0.312500
vt 0.875000 0.312500
vt 0.937500 0.312500
vt 1.000000 0.312500
vt 0.000000 0.343750
vt 0.062500 0.343750
vt 0.125000 0.343750
vt 0.187500 0.343750
vt 0.250000 0.343750
vt 0.312500 0.343750
vt 0.375000 0.343750
vt 0.437500 0.343750
vt 0.500000 0.343750
vt 0.562500 0.343750
vt 0.625000 0.343750
vt 0.687500 0.343750
vt 0.750000 0.343750
vt 0.812500 0.343750
vt 0.875000 0.343750
vt 0.937500 0.343750
vt 1.000000 0.343750
vt 0.000000 0.375000
vt 0.062500 0.375000
vt 0.125000 0.375000
vt 0.187500 0.375000
vt 0.250000 0.375000
vt 0.312500 0.375000
vt 0.375000 0.375000
vt 0.437500 0.375000
vt 0.500000 0.375000
vt 0.562500 0.375000
vt 0.625000 0.375000
vt 0.687500 0.375000
vt 0.750000 0.375000
vt 0.812500 0.375000
vt 0.875000 0.375000
vt 0.937500 0.375000
vt 1.000000 0.375000
vt 0.000000 0.406250
vt 0.062500 0.406250
vt 0.125000 0.406250
vt 0.187500 0.406250
vt 0.250000 0.406250
vt 0.312500 0.406250
vt 0.375000 0.406250
vt 0.437500 0.406250
vt 0.500000 0.406250
vt 0.562500 0.406250
vt 0.625000 0.406250
vt 0.687500 0.406250
vt 0.750000 0.406250
vt 0.812500 0.406250
vt 0.875000 0.406250
vt 0.937500 0.406250
vt 1.000000 0.406250
vt 0.000000 0.437500
vt 0.062500 0.437500
vt 0.125000 0.437500
vt 0.187500 0.437500
vt 0.250000 0.437500
vt 0.312500 0.437500
vt 0.375000 0.437500
vt 0.437500 0.437500
vt 0.500000 0.437500
vt 0.562500 0.437500
vt 0.625000 0.437500
vt 0.687500 0.437500
vt 0.750000 0.437500
vt 0.812500 0.437500
vt 0.875000 0.437500
vt 0.937500 0.437500
vt 1.000000 0.437500
vt 0.000000 0.468750
vt 0.062500 0.468750
vt 0.125000 0.468750
vt 0.187500 0.468750
vt 0.250000 0.468750
vt 0.312500 0.468750
vt 0.375000 0.468750
vt 0.437500 0.468750
vt 0.500000 0.468750
vt 0.562500 0.468750
vt 0.625000 0.468750
vt 0.687500 0.468750
vt 0.750000 0.468750
vt 0.812500 0.468750
vt 0.875000 0.468750
vt 0.937500 0.468750
vt 1.000000 0.468750
vt 0.000000 0.500000
vt 0.062500 0.500000
vt 0.125000 0.500000
vt 0.187500 0.500000
vt 0.250000 0.500000
vt 0.312500 0.500000
vt 0.375000 0.500000
vt 0.437500 0.500000
vt 0.500000 0.500000
vt 0.562500 0.500000
vt 0.625000 0.500000
vt 0.687500 0.500000
vt 0.750000 0.500000
vt 0.812500 0.500000
vt 0.875000 0.500000
vt 0.937500 0.500000
vt 1.000000 0.500000
vt 0.000000 0.531250
vt 0.062500 0.531250
vt 0.125000 0.531250
vt 0.187500 0.531250
vt 0.250000 0.531250
vt 0.312500 0.531250
vt 0.375000 0.531250
vt 0.437500 0.531250
vt 0.500000 0.531250
vt 0.562500 0.531250
vt 0.625000 0.531250
vt 0.687500 0.531250
vt 0.750000 0.531250
vt 0.812500 0.531250
vt 0.875000 0.531250
vt 0.937500 0.531250
vt 1.000000 0.531250
vt 0.000000 0.562500
vt 0.062500 0.562500
vt 0.125000 0.562500
vt 0.187500 0.562500
vt 0.250000 0.562500
vt 0.312500 0.562500
vt 0.375000 0.562500
vt 0.437500 0.562500
vt 0.500000 0.562500
vt 0.562500 0.562500
vt 0.625000 0.562500
vt 0.687500 0.562500
vt 0.750000 0.562500
vt 0.812500 0.562500
vt 0.875000 0.562500
vt 0.937500 0.562500
vt 1.000000 0.562500
vt 0.000000 0.593750
vt 0.062500 0.593750
vt 0.125000 0.593750
vt 0.187500 0.593750
vt 0.250000 0.593750
vt 0.312500 0.593750
vt 0.375000 0.593750
vt 0.437500 0.593750
vt 0.500000 0.593750
vt 0.562500 0.593750
vt 0.625000 0.593750
vt 0.687500 0.593750
vt 0.750000 0.593750
vt 0.812500 0.593750
vt 0.875000 0.593750
vt 0.937500 0.593750
vt 1.000000 0.593750
vt 0.000000 0.625000
vt 0.062500 0.625000
vt 0.125000 0.625000
vt 0.187500 0.625000
vt 0.250000 0.625000
vt 0.312500 0.625000
vt 0.375000 0.625000
vt 0.437500 0.625000
vt 0.500000 0.625000
vt 0.562500 0.625000
vt 0.625000 0.625000
vt 0.687500 0.625000
vt 0.750000 0.625000
vt 0.812500 0.625000
vt 0.875000 0.625000
vt 0.937500 0.625000
vt 1.000000 0.625000
vt 0.000000 0.656250
vt 0.062500 0.656250
vt 0.125000 0.656250
vt 0.187500 0.656250
vt 0.250000 0.656250
vt 0.312500 0.656250
vt 0.375000 0.656250
vt 0.437500 0.656250
vt 0.500000 0.656250
vt 0.562500 0.656250
vt 0.625000 0.656250
vt 0.687500 0.656250
vt 0.750000 0.656250
vt 0.812500 0.656250
vt 0.875000 0.656250
vt 0.937500 0.656250
vt 1.000000 0.656250
vt 0.000000 0.687500
vt 0.062500 0.687500
vt 0.125000 0.687500
vt 0.187500 0.687500
vt 0.250000 0.687500
vt 0.312500 0.687500
vt 0.375000 0.687500
vt 0.437500 0.687500
vt 0.500000 0.687500
vt 0.562500 0.687500
vt 0.625000 0.687500
vt 0.687500 0.687500
vt 0.750000 0.687500
vt 0.812500 0.687500
vt 0.875000 0.687500
vt 0.937500 0.687500
vt 1.000000 0.687500
vt 0.000000 0.718750
vt 0.062500 0.718750
vt 0.125000 0.718750
vt 0.187500 0.718750
vt 0.250000 0.718750
vt 0.312500 0.718750
vt 0.375000 0.718750
vt 0.437500 0.718750
vt 0.500000 0.718750
vt 0.562500 0.718750
vt 0.625000 0.718750
vt 0.687500 0.718750
vt 0.750000 0.718750
vt 0.812500 0.718750
vt 0.875000 0.718750
vt 0.937500 0.718750
vt 1.000000 0.718750
vt 0.000000 0.750000
vt 0.062500 0.750000
vt 0.125000 0.750000
vt 0.187500 0.750000
vt 0.250000 0.750000
vt 0.312500 0.750000
vt 0.375000 0.750000
vt 0.437500 0.750000
vt 0.500000 0.750000
vt 0.562500 0.750000
vt 0.625000 0.750000
vt 0.687500 0.750000
vt 0.750000 0.750000
vt 0.812500 0.750000
vt 0.875000 0.750000
vt 0.937500 0.750000
vt 1.000000 0.750000
vt 0.963820 0.827165
vt 0.855433 0.786612
vt 0.693222 0.759515
vt 0.501880 0.750000
vt 0.310538 0.759515
vt 0.148326 0.786612
vt 0.039940 0.827165
vt 0.001880 0.875000
vt 0.039940 0.922835
vt 0.148326 0.963388
vt 0.310538 0.990485
vt 0.501880 1.000000
vt 0.693221 0.990485
vt 0.855433 0.963388
vt 0.963820 0.922835
vt 1.001880 0.875000
vn -0.501676 0.141351 -0.853429
vn -0.671469 0.659576 -0.337772
vn -0.756685 0.646063 -0.100157
vn -0.304858 0.003351 -0.952392
vn -0.388454 0.889590 -0.240277
vn -0.441671 0.894007 -0.075353
vn -0.010108 0.964152 -0.265157
vn -0.101397 0.969038 -0.225132
vn 0.364798 0.871363 -0.328099
vn 0.211841 0.884454 -0.415770
vn 0.660795 0.646773 -0.380834
vn 0.463773 0.667239 -0.582844
vn 0.847374 0.346742 -0.402153
vn 0.632380 0.357231 -0.687373
vn 0.923032 0.015096 -0.384428
vn 0.707107 0.000000 -0.707107
vn 0.891184 -0.319230 -0.322309
vn 0.687373 -0.357231 -0.632380
vn 0.750299 -0.627483 -0.208127
vn 0.582845 -0.667238 -0.463773
vn 0.501930 -0.864218 -0.034533
vn 0.415770 -0.884454 -0.211841
vn 0.177967 -0.964200 0.196588
vn 0.225133 -0.969038 0.101396
vn -0.125542 -0.870585 0.475732
vn 0.075353 -0.894007 0.441671
vn -0.128117 -0.523034 0.842628
vn 0.100156 -0.646063 0.756684
vn 0.972481 0.127232 0.195175
vn 0.952391 -0.003352 0.304860
vn 0.785932 -0.116867 -0.607168
vn 0.707107 0.000000 -0.707106
vn -0.605878 0.646063 0.464236
vn -0.889010 0.003351 -0.457875
vn -0.365591 0.894007 0.259026
vn -0.230891 0.969038 -0.087494
vn -0.144200 0.884454 -0.443788
vn -0.084197 0.667239 -0.740070
vn -0.038886 0.357231 -0.933206
vn -0.000000 0.000000 -1.000000
vn 0.038886 -0.357231 -0.933206
vn 0.084196 -0.667238 -0.740070
vn 0.144200 -0.884454 -0.443788
vn 0.230891 -0.969038 -0.087495
vn 0.365591 -0.894007 0.259026
vn 0.605878 -0.646063 0.464236
vn 0.889011 -0.003352 -0.457874
vn 0.000001 0.000000 -1.000000
vn -0.100156 0.646063 0.756685
vn -0.952392 0.003351 0.304857
vn -0.075352 0.894007 0.441671
vn -0.225132 0.969038 0.101397
vn -0.415770 0.884454 -0.211841
vn -0.582844 0.667239 -0.463772
vn -0.687373 0.357231 -0.632380
vn -0.707107 0.000000 -0.707107
vn -0.632380 -0.357231 -0.687373
vn -0.463773 -0.667238 -0.582845
vn -0.211841 -0.884454 -0.415770
vn 0.101396 -0.969038 -0.225133
vn 0.441671 -0.894007 -0.075353
vn 0.756684 -0.646063 -0.100156
vn 0.304860 -0.003352 -0.952391
vn -0.707106 0.000000 -0.707107
vn 0.464236 0.646063 0.605878
vn -0.457876 0.003351 0.889010
vn 0.259027 0.894007 0.365591
vn -0.087494 0.969038 0.230891
vn -0.443788 0.884454 0.144200
vn -0.740070 0.667239 0.084197
vn -0.933206 0.357231 0.038886
vn -1.000000 0.000000 0.000000
vn -0.933206 -0.357231 -0.038886
vn -0.740070 -0.667238 -0.084196
vn -0.443789 -0.884454 -0.144199
vn -0.087495 -0.969038 -0.230891
vn 0.259026 -0.894007 -0.365591
vn 0.464236 -0.646063 -0.605878
vn -0.457874 -0.003352 -0.889011
vn -1.000000 0.000000 -0.000001
vn 0.756685 0.646063 0.100157
vn 0.304858 0.003351 0.952392
vn 0.441671 0.894007 0.075352
vn 0.101397 0.969038 0.225132
vn -0.211841 0.884454 0.415770
vn -0.463772 0.667239 0.582844
vn -0.632380 0.357231 0.687373
vn -0.707107 0.000000 0.707107
vn -0.687373 -0.357231 0.632380
vn -0.582845 -0.667238 0.463773
vn -0.415770 -0.884454 0.211841
vn -0.225133 -0.969038 -0.101396
vn -0.075353 -0.894007 -0.441671
vn -0.100156 -0.646063 -0.756684
vn -0.952391 -0.003352 -0.304860
vn -0.707107 0.000000 0.707106
vn 0.605878 0.646063 -0.464236
vn 0.889010 0.003351 0.457875
vn 0.365591 0.894007 -0.259026
vn 0.230891 0.969038 0.087494
vn 0.144200 0.884454 0.443788
vn 0.084197 0.667239 0.740070
vn 0.038886 0.357231 0.933206
vn -0.000000 0.000000 1.000000
vn -0.038886 -0.357231 0.933206
vn -0.084196 -0.667238 0.740070
vn -0.144200 -0.884454 0.443788
vn -0.230891 -0.969038 0.087495
vn -0.365591 -0.894007 -0.259026
vn -0.605878 -0.646063 -0.464236
vn -0.889011 -0.003352 0.457874
vn -0.000001 0.000000 1.000000
vn 0.100157 0.646063 -0.756685
vn 0.952392 0.003351 -0.304858
vn 0.075353 0.894007 -0.441671
vn 0.225132 0.969038 -0.101397
vn 0.415770 0.884454 0.211841
vn 0.582844 0.667239 0.463773
vn 0.687373 0.357231 0.632380
vn 0.707107 0.000000 0.707107
vn 0.632380 -0.357231 0.687373
vn 0.463773 -0.667238 0.582845
vn 0.211841 -0.884454 0.415770
vn -0.101396 -0.969038 0.225133
vn -0.441671 -0.894007 0.075353
vn -0.756684 -0.646063 0.100156
vn -0.304860 -0.003353 0.952391
vn 0.707106 0.000000 0.707107
vn -0.464235 0.646063 -0.605878
vn 0.457876 0.003351 -0.889010
vn -0.259026 0.894007 -0.365591
vn 0.087494 0.969038 -0.230891
vn 0.443788 0.884454 -0.144199
vn 0.740070 0.667239 -0.084196
vn 0.933206 0.357232 -0.038886
vn 1.000000 0.000000 0.000000
vn 0.933206 -0.357231 0.038886
vn 0.740070 -0.667238 0.084197
vn 0.443788 -0.884454 0.144200
vn 0.087495 -0.969038 0.230891
vn -0.259026 -0.894007 0.365591
vn -0.464236 -0.646063 0.605878
vn 0.457874 -0.003352 0.889011
vn 1.000000 0.000000 0.000001
vn -0.756685 0.646063 -0.100157
vn -0.304858 0.003351 -0.952392
vn -0.441671 0.894007 -0.075353
vn -0.101397 0.969038 -0.225132
vn 0.211841 0.884454 -0.415770
vn 0.463773 0.667239 -0.582844
vn 0.632380 0.357232 -0.687373
vn 0.707107 0.000000 -0.707107
vn 0.687373 -0.357231 -0.632380
vn 0.582845 -0.667238 -0.463773
vn 0.415770 -0.884454 -0.211841
vn 0.225133 -0.969038 0.101397
vn 0.075353 -0.894007 0.441671
vn 0.100156 -0.646063 0.756684
vn 0.952391 -0.003352 0.304860
vn 0.707108 0.000000 -0.707106
vn -0.605878 0.646063 0.464235
vn -0.889010 0.003351 -0.457876
vn -0.365591 0.894007 0.259026
vn -0.230891 0.969038 -0.087494
vn -0.144199 0.884454 -0.443788
vn -0.084196 0.667239 -0.740070
vn -0.038886 0.357231 -0.933206
vn 0.000000 0.000000 -1.000000
vn 0.038886 -0.357231 -0.933206
vn 0.084197 -0.667238 -0.740070
vn 0.144200 -0.884454 -0.443789
vn 0.230891 -0.969038 -0.087495
vn 0.365591 -0.894007 0.259026
vn 0.605877 -0.646063 0.464236
vn 0.889011 -0.003352 -0.457874
vn 0.000001 0.000000 -1.000000
vn -0.100156 0.646063 0.756685
vn -0.952392 0.003351 0.304857
vn -0.075353 0.894007 0.441671
vn -0.225132 0.969038 0.101397
vn -0.415770 0.884454 -0.211841
vn -0.582844 0.667239 -0.463773
vn -0.687373 0.357231 -0.632380
vn -0.707107 0.000000 -0.707107
vn -0.632380 -0.357231 -0.687373
vn -0.463773 -0.667238 -0.582845
vn -0.211841 -0.884454 -0.415770
vn 0.101396 -0.969038 -0.225133
vn 0.441671 -0.894007 -0.075352
vn 0.756684 -0.646063 -0.100156
vn 0.304860 -0.003352 -0.952391
vn -0.707106 0.000000 -0.707108
vn 0.464236 0.646063 0.605878
vn -0.457875 0.003351 0.889010
vn 0.259027 0.894007 0.365591
vn -0.087494 0.969038 0.230891
vn -0.443788 0.884454 0.144200
vn -0.740070 0.667239 0.084197
vn -0.933206 0.357231 0.038886
vn -1.000000 0.000000 0.000000
vn -0.933206 -0.357231 -0.038886
vn -0.740070 -0.667238 -0.084196
vn -0.443788 -0.884454 -0.144199
vn -0.087495 -0.969038 -0.230891
vn 0.259026 -0.894007 -0.365591
vn 0.464236 -0.646064 -0.605877
vn -0.457874 -0.003353 -0.889011
vn -1.000000 0.000000 -0.000001
vn 0.756685 0.646063 0.100156
vn 0.304858 0.003351 0.952392
vn 0.441671 0.894007 0.075352
vn 0.101397 0.969038 0.225132
vn -0.211841 0.884454 0.415770
vn -0.463772 0.667239 0.582844
vn -0.632380 0.357231 0.687373
vn -0.707106 0.000000 0.707107
vn -0.687373 -0.357231 0.632380
vn -0.582844 -0.667238 0.463773
vn -0.415770 -0.884454 0.211842
vn -0.225133 -0.969038 -0.101396
vn -0.075353 -0.894007 -0.441671
vn -0.100156 -0.646063 -0.756684
vn -0.952392 -0.003352 -0.304859
vn -0.707107 0.000000 0.707106
vn 0.605878 0.646063 -0.464236
vn 0.889010 0.003351 0.457875
vn 0.365591 0.894007 -0.259027
vn 0.230891 0.969038 0.087494
vn 0.144200 0.884454 0.443788
vn 0.084197 0.667239 0.740070
vn 0.038887 0.357231 0.933206
vn 0.000001 0.000000 1.000000
vn -0.038885 -0.357231 0.933206
vn -0.084196 -0.667238 0.740070
vn -0.144199 -0.884454 0.443789
vn -0.230891 -0.969038 0.087495
vn -0.365591 -0.894007 -0.259026
vn -0.605877 -0.646063 -0.464236
vn -0.889010 -0.003352 0.457875
vn 0.000000 0.000000 1.000000
vn 0.100156 0.646063 -0.756685
vn 0.952392 0.003351 -0.304859
vn 0.075352 0.894007 -0.441671
vn 0.225132 0.969038 -0.101397
vn 0.415770 0.884454 0.211841
vn 0.582845 0.667239 0.463772
vn 0.687374 0.357231 0.632379
vn 0.707108 0.000000 0.707106
vn 0.632381 -0.357231 0.687372
vn 0.463774 -0.667238 0.582844
vn 0.211842 -0.884454 0.415770
vn -0.101396 -0.969038 0.225133
vn -0.441671 -0.894007 0.075353
vn -0.756684 -0.646063 0.100156
vn -0.304859 -0.003352 0.952392
vn 0.707107 0.000000 0.707107
vn -0.128117 0.523033 -0.842628
vn 0.972481 -0.127232 -0.195175
vn -0.125543 0.870585 -0.475733
vn 0.177966 0.964200 -0.196589
vn 0.501930 0.864219 0.034532
vn 0.750299 0.627483 0.208126
vn 0.891185 0.319230 0.322308
vn 0.923032 -0.015095 0.384427
vn 0.847375 -0.346741 0.402152
vn 0.660796 -0.646772 0.380833
vn 0.364799 -0.871363 0.328098
vn -0.010107 -0.964152 0.265156
vn -0.388453 -0.889591 0.240277
vn -0.671468 -0.659576 0.337772
vn -0.501677 -0.141352 0.853428
vn 0.785932 0.116867 0.607168
vn 0.000000 0.000000 1.000000
vn 0.000000 0.000000 1.000000
vn 0.000000 0.000000 1.000000
vn 0.000000 0.000000 1.000000
vn 0.000000 0.000000 1.000000
vn 0.000000 0.000000 1.000000
vn 0.000000 0.000000 1.000000
vn 0.000000 0.000000 1.000000
vn 0.000000 0.000000 1.000000
vn 0.000000 0.000000 1.000000
vn 0.000000 0.000000 1.000000
vn 0.000000 0.000000 1.000000
vn 0.000000 0.000000 1.000000
vn 0.000000 0.000000 1.000000
vn 0.000000 0.000000 1.000000
vn 0.000000 0.000000 1.000000
vn -0.000001 -0.000000 -1.000000
vn -0.000001 -0.000000 -1.000000
vn -0.000001 -0.000000 -1.000000
vn -0.000001 -0.000000 -1.000000
vn -0.000001 -0.000000 -1.000000
vn -0.000001 -0.000000 -1.000000
vn -0.000001 -0.000000 -1.000000
vn -0.000001 -0.000000 -1.000000
vn -0.000001 -0.000000 -1.000000
vn -0.000001 -0.000000 -1.000000
vn -0.000001 -0.000000 -1.000000
vn -0.000001 -0.000000 -1.000000
vn -0.000001 -0.000000 -1.000000
vn -0.000001 -0.000000 -1.000000
vn -0.000001 -0.000000 -1.000000
vn -0.000001 -0.000000 -1.000000
s 1
g ref_helix
f 421/608/812 422/609/813 438/626/814 437/625/815
f 422/609/813 423/610/816 439/627/817 438/626/814
f 423/610/816 424/611/818 440/628/819 439/627/817
f 424/611/818 425/612/820 441/629/821 440/628/819
f 425/612/820 426/613/822 442/630/823 441/629/821
f 426/613/822 427/614/824 443/631/825 442/630/823
f 427/614/824 428/615/826 444/632/827 443/631/825
f 428/615/826 429/616/828 445/633/829 444/632/827
f 429/616/828 430/617/830 446/634/831 445/633/829
f 430/617/830 431/618/832 447/635/833 446/634/831
f 431/618/832 432/619/834 448/636/835 447/635/833
f 432/619/834 433/620/836 449/637/837 448/636/835
f 433/620/836 434/621/838 450/638/839 449/637/837
f 434/621/838 435/622/840 451/639/841 450/638/839
f 435/622/840 436/623/842 452/640/843 451/639/841
f 436/623/842 421/624/812 437/641/815 452/640/843
f 437/625/815 438/626/814 454/643/844 453/642/845
f 438/626/814 439/627/817 455/644/846 454/643/844
f 439/627/817 440/628/819 456/645/847 455/644/846
f 440/628/819 441/629/821 457/646/848 456/645/847
f 441/629/821 442/630/823 458/647/849 457/646/848
f 442/630/823 443/631/825 459/648/850 458/647/849
f 443/631/825 444/632/827 460/649/851 459/648/850
f 444/632/827 445/633/829 461/650/852 460/649/851
f 445/633/829 446/634/831 462/651/853 461/650/852
f 446/634/831 447/635/833 463/652/854 462/651/853
f 447/635/833 448/636/835 464/653/855 463/652/854
f 448/636/835 449/637/837 465/654/856 464/653/855
f 449/637/837 450/638/839 466/655/857 465/654/856
f 450/638/839 451/639/841 467/656/858 466/655/857
f 451/639/841 452/640/843 468/657/859 467/656/858
f 452/640/843 437/641/815 453/658/845 468/657/859
f 453/642/845 454/643/844 470/660/860 469/659/861
f 454/643/844 455/644/846 471/661/862 470/660/860
f 455/644/846 456/645/847 472/662/863 471/661/862
f 456/645/847 457/646/848 473/663/864 472/662/863
f 457/646/848 458/647/849 474/664/865 473/663/864
f 458/647/849 459/648/850 475/665/866 474/664/865
f 459/648/850 460/649/851 476/666/867 475/665/866
f 460/649/851 461/650/852 477/667/868 476/666/867
f 461/650/852 462/651/853 478/668/869 477/667/868
f 462/651/853 463/652/854 479/669/870 478/668/869
f 463/652/854 464/653/855 480/670/871 479/669/870
f 464/653/855 465/654/856 481/671/872 480/670/871
f 465/654/856 466/655/857 482/672/873 481/671/872
f 466/655/857 467/656/858 483/673/874 482/672/873
f 467/656/858 468/657/859 484/674/875 483/673/874
f 468/657/859 453/658/845 469/675/861 484/674/875
f 469/659/861 470/660/860 486/677/876 485/676/877
f 470/660/860 471/661/862 487/678/878 486/677/876
f 471/661/862 472/662/863 488/679/879 487/678/878
f 472/662/863 473/663/864 489/680/880 488/679/879
f 473/663/864 474/664/865 490/681/881 489/680/880
f 474/664/865 475/665/866 491/682/882 490/681/881
f 475/665/866 476/666/867 492/683/883 491/682/882
f 476/666/867 477/667/868 493/684/884 492/683/883
f 477/667/868 478/668/869 494/685/885 493/684/884
f 478/668/869 479/669/870 495/686/886 494/685/885
f 479/669/870 480/670/871 496/687/887 495/686/886
f 480/670/871 481/671/872 497/688/888 496/687/887
f 481/671/872 482/672/873 498/689/889 497/688/888
f 482/672/873 483/673/874 499/690/890 498/689/889
f 483/673/874 484/674/875 500/691/891 499/690/890
f 484/674/875 469/675/861 485/692/877 500/691/891
f 485/676/877 486/677/876 502/694/892 501/693/893
f 486/677/876 487/678/878 503/695/894 502/694/892
f 487/678/878 488/679/879 504/696/895 503/695/894
f 488/679/879 489/680/880 505/697/896 504/696/895
f 489/680/880 490/681/881 506/698/897 505/697/896
f 490/681/881 491/682/882 507/699/898 506/698/897
f 491/682/882 492/683/883 508/700/899 507/699/898
f 492/683/883 493/684/884 509/701/900 508/700/899
f 493/684/884 494/685/885 510/702/901 509/701/900
f 494/685/885 495/686/886 511/703/902 510/702/901
f 495/686/886 496/687/887 512/704/903 511/703/902
f 496/687/887 497/688/888 513/705/904 512/704/903
f 497/688/888 498/689/889 514/706/905 513/705/904
f 498/689/889 499/690/890 515/707/906 514/706/905
f 499/690/890 500/691/891 516/708/907 515/707/906
f 500/691/891 485/692/877 501/709/893 516/708/907
f 501/693/893 502/694/892 518/711/908 517/710/909
f 502/694/892 503/695/894 519/712/910 518/711/908
f 503/695/894 504/696/895 520/713/911 519/712/910
f 504/696/895 505/697/896 521/714/912 520/713/911
f 505/697/896 506/698/897 522/715/913 521/714/912
f 506/698/897 507/699/898 523/716/914 522/715/913
f 507/699/898 508/700/899 524/717/915 523/716/914
f 508/700/899 509/701/900 525/718/916 524/717/915
f 509/701/900 510/702/901 526/719/917 525/718/916
f 510/702/901 511/703/902 527/720/918 526/719/917
f 511/703/902 512/704/903 528/721/919 527/720/918
f 512/704/903 513/705/904 529/722/920 528/721/919
f 513/705/904 514/706/905 530/723/921 529/722/920
f 514/706/905 515/707/906 531/724/922 530/723/921
f 515/707/906 516/708/907 532/725/923 531/724/922
f 516/708/907 501/709/893 517/726/909 532/725/923
f 517/710/909 518/711/908 534/728/924 533/727/925
f 518/711/908 519/712/910 535/729/926 534/728/924
f 519/712/910 520/713/911 536/730/927 535/729/926
f 520/713/911 521/714/912 537/731/928 536/730/927
f 521/714/912 522/715/913 538/732/929 537/731/928
f 522/715/913 523/716/914 539/733/930 538/732/929
f 523/716/914 524/717/915 540/734/931 539/733/930
f 524/717/915 525/718/916 541/735/932 540/734/931
f 525/718/916 526/719/917 542/736/933 541/735/932
f 526/719/917 527/720/918 543/737/934 542/736/933
f 527/720/918 528/721/919 544/738/935 543/737/934
f 528/721/919 529/722/920 545/739/936 544/738/935
f 529/722/920 530/723/921 546/740/937 545/739/936
f 530/723/921 531/724/922 547/741/938 546/740/937
f 531/724/922 532/725/923 548/742/939 547/741/938
f 532/725/923 517/726/909 533/743/925 548/742/939
f 533/727/925 534/728/924 550/745/940 549/744/941
f 534/728/924 535/729/926 551/746/942 550/745/940
f 535/729/926 536/730/927 552/747/943 551/746/942
f 536/730/927 537/731/928 553/748/944 552/747/943
f 537/731/928 538/732/929 554/749/945 553/748/944
f 538/732/929 539/733/930 555/750/946 554/749/945
f 539/733/930 540/734/931 556/751/947 555/750/946
f 540/734/931 541/735/932 557/752/948 556/751/947
f 541/735/932 542/736/933 558/753/949 557/752/948
f 542/736/933 543/737/934 559/754/950 558/753/949
f 543/737/934 544/738/935 560/755/951 559/754/950
f 544/738/935 545/739/936 561/756/952 560/755/951
f 545/739/936 546/740/937 562/757/953 561/756/952
f 546/740/937 547/741/938 563/758/954 562/757/953
f 547/741/938 548/742/939 564/759/955 563/758/954
f 548/742/939 533/743/925 549/760/941 564/759/955
f 549/744/941 550/745/940 566/762/956 565/761/957
f 550/745/940 551/746/942 567/763/958 566/762/956
f 551/746/942 552/747/943 568/764/959 567/763/958
f 552/747/943 553/748/944 569/765/960 568/764/959
f 553/748/944 554/749/945 570/766/961 569/765/960
f 554/749/945 555/750/946 571/767/962 570/766/961
f 555/750/946 556/751/947 572/768/963 571/767/962
f 556/751/947 557/752/948 573/769/964 572/768/963
f 557/752/948 558/753/949 574/770/965 573/769/964
f 558/753/949 559/754/950 575/771/966 574/770/965
f 559/754/950 560/755/951 576/772/967 575/771/966
f 560/755/951 561/756/952 577/773/968 576/772/967
f 561/756/952 562/757/953 578/774/969 577/773/968
f 562/757/953 563/758/954 579/775/970 578/774/969
f 563/758/954 564/759/955 580/776/971 579/775/970
f 564/759/955 549/760/941 565/777/957 580/776/971
f 565/761/957 566/762/956 582/779/972 581/778/973
f 566/762/956 567/763/958 583/780/974 582/779/972
f 567/763/958 568/764/959 584/781/975 583/780/974
f 568/764/959 569/765/960 585/782/976 584/781/975
f 569/765/960 570/766/961 586/783/977 585/782/976
f 570/766/961 571/767/962 587/784/978 586/783/977
f 571/767/962 572/768/963 588/785/979 587/784/978
f 572/768/963 573/769/964 589/786/980 588/785/979
f 573/769/964 574/770/965 590/787/981 589/786/980
f 574/770/965 575/771/966 591/788/982 590/787/981
f 575/771/966 576/772/967 592/789/983 591/788/982
f 576/772/967 577/773/968 593/790/984 592/789/983
f 577/773/968 578/774/969 594/791/985 593/790/984
f 578/774/969 579/775/970 595/792/986 594/791/985
f 579/775/970 580/776/971 596/793/987 595/792/986
f 580/776/971 565/777/957 581/794/973 596/793/987
f 581/778/973 582/779/972 598/796/988 597/795/989
f 582/779/972 583/780/974 599/797/990 598/796/988
f 583/780/974 584/781/975 600/798/991 599/797/990
f 584/781/975 585/782/976 601/799/992 600/798/991
f 585/782/976 586/783/977 602/800/993 601/799/992
f 586/783/977 587/784/978 603/801/994 602/800/993
f 587/784/978 588/785/979 604/802/995 603/801/994
f 588/785/979 589/786/980 605/803/996 604/802/995
f 589/786/980 590/787/981 606/804/997 605/803/996
f 590/787/981 591/788/982 607/805/998 606/804/997
f 591/788/982 592/789/983 608/806/999 607/805/998
f 592/789/983 593/790/984 609/807/1000 608/806/999
f 593/790/984 594/791/985 610/808/1001 609/807/1000
f 594/791/985 595/792/986 611/809/1002 610/808/1001
f 595/792/986 596/793/987 612/810/1003 611/809/1002
f 596/793/987 581/794/973 597/811/989 612/810/1003
f 597/795/989 598/796/988 614/813/1004 613/812/1005
f 598/796/988 599/797/990 615/814/1006 614/813/1004
f 599/797/990 600/798/991 616/815/1007 615/814/1006
f 600/798/991 601/799/992 617/816/1008 616/815/1007
f 601/799/992 602/800/993 618/817/1009 617/816/1008
f 602/800/993 603/801/994 619/818/1010 618/817/1009
f 603/801/994 604/802/995 620/819/1011 619/818/1010
f 604/802/995 605/803/996 621/820/1012 620/819/1011
f 605/803/996 606/804/997 622/821/1013 621/820/1012
f 606/804/997 607/805/998 623/822/1014 622/821/1013
f 607/805/998 608/806/999 624/823/1015 623/822/1014
f 608/806/999 609/807/1000 625/824/1016 624/823/1015
f 609/807/1000 610/808/1001 626/825/1017 625/824/1016
f 610/808/1001 611/809/1002 627/826/1018 626/825/1017
f 611/809/1002 612/810/1003 628/827/1019 627/826/1018
f 612/810/1003 597/811/989 613/828/1005 628/827/1019
f 613/812/1005 614/813/1004 630/830/1020 629/829/1021
f 614/813/1004 615/814/1006 631/831/1022 630/830/1020
f 615/814/1006 616/815/1007 632/832/1023 631/831/1022
f 616/815/1007 617/816/1008 633/833/1024 632/832/1023
f 617/816/1008 618/817/1009 634/834/1025 633/833/1024
f 618/817/1009 619/818/1010 635/835/1026 634/834/1025
f 619/818/1010 620/819/1011 636/836/1027 635/835/1026
f 620/819/1011 621/820/1012 637/837/1028 636/836/1027
f 621/820/1012 622/821/1013 638/838/1029 637/837/1028
f 622/821/1013 623/822/1014 639/839/1030 638/838/1029
f 623/822/1014 624/823/1015 640/840/1031 639/839/1030
f 624/823/1015 625/824/1016 641/841/1032 640/840/1031
f 625/824/1016 626/825/1017 642/842/1033 641/841/1032
f 626/825/1017 627/826/1018 643/843/1034 642/842/1033
f 627/826/1018 628/827/1019 644/844/1035 643/843/1034
f 628/827/1019 613/828/1005 629/845/1021 644/844/1035
f 629/829/1021 630/830/1020 646/847/1036 645/846/1037
f 630/830/1020 631/831/1022 647/848/1038 646/847/1036
f 631/831/1022 632/832/1023 648/849/1039 647/848/1038
f 632/832/1023 633/833/1024 649/850/1040 648/849/1039
f 633/833/1024 634/834/1025 650/851/1041 649/850/1040
f 634/834/1025 635/835/1026 651/852/1042 650/851/1041
f 635/835/1026 636/836/1027 652/853/1043 651/852/1042
f 636/836/1027 637/837/1028 653/854/1044 652/853/1043
f 637/837/1028 638/838/1029 654/855/1045 653/854/1044
f 638/838/1029 639/839/1030 655/856/1046 654/855/1045
f 639/839/1030 640/840/1031 656/857/1047 655/856/1046
f 640/840/1031 641/841/1032 657/858/1048 656/857/1047
f 641/841/1032 642/842/1033 658/859/1049 657/858/1048
f 642/842/1033 643/843/1034 659/860/1050 658/859/1049
f 643/843/1034 644/844/1035 660/861/1051 659/860/1050
f 644/844/1035 629/845/1021 645/862/1037 660/861/1051
f 645/846/1037 646/847/1036 662/864/1052 661/863/1053
f 646/847/1036 647/848/1038 663/865/1054 662/864/1052
f 647/848/1038 648/849/1039 664/866/1055 663/865/1054
f 648/849/1039 649/850/1040 665/867/1056 664/866/1055
f 649/850/1040 650/851/1041 666/868/1057 665/867/1056
f 650/851/1041 651/852/1042 667/869/1058 666/868/1057
f 651/852/1042 652/853/1043 668/870/1059 667/869/1058
f 652/853/1043 653/854/1044 669/871/1060 668/870/1059
f 653/854/1044 654/855/1045 670/872/1061 669/871/1060
f 654/855/1045 655/856/1046 671/873/1062 670/872/1061
f 655/856/1046 656/857/1047 672/874/1063 671/873/1062
f 656/857/1047 657/858/1048 673/875/1064 672/874/1063
f 657/858/1048 658/859/1049 674/876/1065 673/875/1064
f 658/859/1049 659/860/1050 675/877/1066 674/876/1065
f 659/860/1050 660/861/1051 676/878/1067 675/877/1066
f 660/861/1051 645/862/1037 661/879/1053 676/878/1067
f 661/863/1053 662/864/1052 678/881/1068 677/880/1069
f 662/864/1052 663/865/1054 679/882/1070 678/881/1068
f 663/865/1054 664/866/1055 680/883/1071 679/882/1070
f 664/866/1055 665/867/1056 681/884/1072 680/883/1071
f 665/867/1056 666/868/1057 682/885/1073 681/884/1072
f 666/868/1057 667/869/1058 683/886/1074 682/885/1073
f 667/869/1058 668/870/1059 684/887/1075 683/886/1074
f 668/870/1059 669/871/1060 685/888/1076 684/887/1075
f 669/871/1060 670/872/1061 686/889/1077 685/888/1076
f 670/872/1061 671/873/1062 687/890/1078 686/889/1077
f 671/873/1062 672/874/1063 688/891/1079 687/890/1078
f 672/874/1063 673/875/1064 689/892/1080 688/891/1079
f 673/875/1064 674/876/1065 690/893/1081 689/892/1080
f 674/876/1065 675/877/1066 691/894/1082 690/893/1081
f 675/877/1066 676/878/1067 692/895/1083 691/894/1082
f 676/878/1067 661/879/1053 677/896/1069 692/895/1083
s off
f 421/592/1084 436/607/1085 435/606/1086 434/605/1087 433/604/1088 432/603/1089 431/602/1090 430/601/1091 429/600/1092 428/599/1093 427/598/1094 426/597/1095 425/596/1096 424/595/1097 423/594/1098 422/593/1099
f 677/911/1100 678/910/1101 679/909/1102 680/908/1103 681/907/1104 682/906/1105 683/905/1106 684/904/1107 685/903/1108 686/902/1109 687/901/1110 688/900/1111 689/899/1112 690/898/1113 691/897/1114 692/912/1115
